time_s_state,x,z,vx,vz,theta,omega,m,time_s_control,Fx,Fz,lambda_x,lambda_z,lambda_vx,lambda_vz,lambda_theta,lambda_omega,lambda_m
0.0,500.0,3000.0,-9.99717821582618,-59.983069294957076,0.0,0.0,100.0,0.15843775864614498,-1.7292605347993328,8.135626608775674,-1.0349142340671801e-24,0.000668558982439262,-0.0026608730767519848,-0.024886182548991,-0.00235351670625473,-0.014073036944183716,-0.895405393617012
0.31687551729228997,496.83127375696,2980.91533582688,-10.002639189549766,-60.47220813510179,0.00144696009928837,0.009132672108294666,99.9991551512766,0.4753132759384349,-0.0016326843282474485,0.007783949836507355,-1.0349142340671801e-24,0.000668558982774719,-0.0026608730767519848,-0.02509803252249813,-0.00235332352445955,-0.013327295793692445,-0.895406568069159
0.6337510345845799,493.661681481102,2961.67159430165,-10.002644291751604,-60.987106170189875,0.00434224644774836,0.009141294736479533,99.999154343406,0.7921887932307249,-0.0009474540536685821,0.004568163095668092,-1.0349142340671801e-24,0.000668558983112356,-0.0026608730767519848,-0.025309882496112174,-0.00235321142023571,-0.012581603010609422,-0.895407738962046
0.9506265518768698,490.49208793447804,2942.26469258106,-10.002647210149798,-61.50201439313339,0.0072396917290089,0.009146298486368932,99.9991538695136,1.1090643105230147,-0.0006663119763763225,0.0032547046891893763,-1.0349142340671801e-24,0.000668558983452221,-0.0026608730767519848,-0.02552173246983413,-0.00235313256990235,-0.01183594048048635,-0.895408908206477
1.2675020691691599,487.322493605155,2922.69462839167,-10.002649231854114,-62.01692677732738,0.0101384873302519,0.0091498174522388,99.9991535320558,1.4259398278153046,-0.0005130954457255371,0.0025446259601299773,-1.0349142340671801e-24,0.0006685589837943611,-0.0026608730767519848,-0.025733582443664242,-0.00235307182823176,-0.011090300065543575,-0.895410076450105
1.5843775864614498,484.15289871273797,2902.96140071773,-10.002650764193334,-62.53184141126295,0.0130382698015739,0.0091525272419852,99.9991532683798,1.7428153451075945,-0.000416630824400195,0.0021034702254307683,-1.0349142340671801e-24,0.000668558984138827,-0.0026608730767519848,-0.025945432417603755,-0.00235302247084274,-0.01034467709297823,-0.895411243999375
1.9012531037537397,480.98330338369,2883.06500898134,-10.002651987697869,-63.04675744299634,0.0159388302220766,0.009154727577118599,99.9991530505662,2.0596908623998846,-0.00035031365065983205,0.001806595955317934,-1.0349142340671801e-24,0.00066855898448567,-0.0026608730767519848,-0.02615728239165292,-0.00235298091963205,-0.00959906852229222,-0.895412411027418
2.2181286210460294,477.81370770071504,2863.0054528119804,-10.002652998053213,-63.56167441545089,0.0188400323839661,0.0091565776741064,99.99915286364069,2.3765663796921745,-0.0003019595849224949,0.0015973964687533155,-1.0349142340671801e-24,0.0006685589848349431,-0.0026608730767519848,-0.026369132365812963,-0.00235294503570434,-0.00885347221877697,-0.895413577643777
2.5350041383383197,474.644111722365,2842.78273195558,-10.002653851998872,-64.07659205087758,0.0217417803359934,0.009158172400767599,99.99915269850939,2.6934418969844645,-0.0002652209346845242,0.0014470126340299508,7.520503410415331e-25,0.000668558985186701,-0.0026608730767519848,-0.02658098234008439,-0.00235291342773267,-0.008107886607045,-0.895414743923701
2.851879655630609,471.474515492445,2822.39684623157,-10.002654585864072,-64.5915101629528,0.0246440028767623,0.009159573101115533,99.9991525490787,3.0103174142767544,-0.00023649226913713,0.0013399315967016975,7.520503410415331e-25,0.000668558985541,-0.0026608730767519848,-0.026792832314468197,-0.002352885125996,-0.0073623104857883995,-0.895415909922518
3.1687551729228995,468.304919045114,2801.84779551064,-10.002655224214497,-65.1064286144939,0.0275466452264452,0.009160822077950867,99.9991524108697,3.3271929315690443,-0.00021360884805136747,0.0012681368232504361,7.520503410415331e-25,0.000668558985897897,-0.0026608730767519848,-0.027004682288964875,-0.0023528594095466497,-0.006616742921565224,-0.895417075683694
3.485630690215189,465.135322407907,2781.13557970295,-10.002655784298545,-65.62134729370864,0.0304496641985885,0.009161950201521267,99.9991522802424,3.644068448861334,-0.00019523975693466476,0.0012287617693980415,7.520503410415331e-25,0.0006685589862574521,-0.0026608730767519848,-0.027216532263575666,-0.00235283570349032,-0.005871183186243915,-0.895418241244126
3.8025062075074794,461.965725603666,2760.26019875262,-10.00265627846346,-66.13626609787843,0.0333530252751204,0.009162981313170799,99.9991521538635,3.9609439661536245,-0.0001805913894468295,0.0012237179802685823,7.52050343444131e-25,0.000668558986619727,-0.0026608730767519848,-0.027428382238301064,-0.00235281350786248,-0.00512563072199124,-0.895419406638589
4.119381724799769,458.796128651898,2739.2216526373,-10.002656715436249,-66.65118491821785,0.0362567008286567,0.009163935063003333,99.9991520282165,4.277819483445914,-0.00016927985574300227,0.00126135913624392,7.52050343444131e-25,0.000668558986984784,-0.0026608730767519848,-0.02764023221314231,-0.00235279233378123,-0.004380085127644605,-0.895420571905153
4.436257242092059,455.626531569844,2718.0199413732803,-10.00265710078103,-67.16610361946468,0.03916066913723,0.009164829073700934,99.9991518989436,4.594695000738204,-0.00016134935400159814,0.0013622500679640976,7.52050343444131e-25,0.0006685589873526891,-0.0026608730767519848,-0.027852082188100154,-0.00235277161769983,-0.003634546168785855,-0.89542173709502
4.753132759384349,452.456934373565,2696.65506503007,-10.002657436376387,-67.68102200119161,0.042064914100052,0.0091656812013678,99.999151759604,4.911570518030494,-0.00015756909927253793,0.0015776162054656126,7.52050343444131e-25,0.000668558987723509,-0.0026608730767519848,-0.02806393216317558,-0.002352750541247,-0.002889013829944845,-0.895422902297491
5.0700082766766394,449.287337079539,2675.12702376638,-10.002657717726853,-68.19593970068087,0.0449694259181382,0.0091665133645318,99.9991515985582,5.228446035322784,-0.00016079113772201971,0.0020636250005583888,7.5205035818231e-25,0.000668558988097313,-0.0026608730767519848,-0.028275782138369333,-0.00235272745420402,-0.002143488486769335,-0.895424067728242
5.386883793968929,446.117739708376,2653.43581793424,-10.002657923238523,-68.7108558605039,0.0478742041244006,0.0091673625441142,99.9991513883074,5.545321552615074,-0.0001852913323924494,0.003592675987222479,7.5205035818231e-25,0.000668558988474173,-0.0026608730767519848,-0.028487632113682406,-0.00235269656481062,-0.0013979716939977315,-0.895425234267824
5.703759311261218,442.94814230067396,2631.58144854502,-10.00265794834426,-69.22576717659331,0.0507792719154395,0.009168341115560866,99.9991510228915,5.8621970699073636,-3.208644434832075,134.5041230020309,7.5205035818231e-25,0.000668558988854162,-0.0026608730767519848,-0.02869948208911605,-0.0015810094114016202,-0.0007747241767315635,-0.895548602598457
6.020634828553509,439.780552480463,2609.63143698042,-9.989986780277503,-69.31451357574032,0.0563693304789701,0.026114022200468268,99.9854846994795,6.179072587199654,-0.5944552670704135,249.92054352763984,7.5205035818231e-25,0.000668558989237348,-0.0026608730767519848,-0.028911332064670992,-0.000808084620476775,-0.000396201635193429,-0.895777758254769
6.337510345845799,436.622292815295,2587.71107486831,-9.943769491933688,-69.03863089827026,0.0651416356800249,0.0292534942048026,99.9600986136806,6.495948104491944,1.273011955847033,249.91979639304165,7.5205035818231e-25,0.00066855898962378,-0.0026608730767519848,-0.029123182040348482,-0.00041314075171845397,-0.0002027136050200395,-0.896008757278971
6.6543858631380886,433.480679455409,2565.87803308211,-9.884921514120451,-68.76338026850325,0.0733461580432675,0.022530388837664332,99.9347123462607,6.812823621784233,1.4474646352624885,249.91919516879366,7.5205035818231e-25,0.0006685589900135001,-0.0026608730767519848,-0.029335032016149263,-0.000211164144879639,-0.000103800263316165,-0.896241562690029
6.971261380430378,430.358687965189,2544.1321672774898,-9.819923573928893,-68.48840863868021,0.0792743195001181,0.014885953753312734,99.9093260434653,7.129699139076524,1.1431289891085232,249.9208996869775,7.5205035818231e-25,0.000668558990406552,-0.0026608730767519848,-0.029546881992074826,-0.000107896510275296,-5.324907589204245e-05,-0.896476163104209
7.288136897722668,427.25774926396497,2522.47342693794,-9.752044167354216,-68.21347685010562,0.0830347997241518,0.008848793924053133,99.8839397277502,7.446574656368814,0.7881011130043192,249.9223286204977,7.5205035818231e-25,0.000668558990802978,-0.0026608730767519848,-0.02975873196812591,-5.5152777534661096e-05,-2.74159336825491e-05,-0.896712557412762
7.605012415014959,424.178514368753,2500.90182096328,-9.682937250739792,-67.93844904806225,0.0851793216561481,0.0046866281263552335,99.85855340622271,7.763450173661103,0.5055271175837072,249.92307580313553,7.5214795308372e-25,0.000668558991202824,-0.0026608730767519848,-0.02997058194430376,-2.8280102970171998e-05,-1.4197005047595796e-05,-0.896950747083613
7.921887932307249,421.12123971832,2479.41739120521,-9.61343929837272,-67.66325310712139,0.0862413991586871,0.0020168086781949396,99.8331670830837,8.080325690953392,0.3093421209036085,249.9233935471387,7.5214795308372e-25,0.0006685589916061341,-0.0026608730767519848,-0.030182431920609366,-1.4598559378218799e-05,-7.4033757765654296e-06,-0.897190734136163
8.238763449599539,418.085982075816,2458.0201968418696,-9.543974113934537,-67.38785179474867,0.0866216341912796,0.0003830929351678606,99.80778076015639,8.397201208245683,0.18249178270727712,249.923526141303,7.5214795308372e-25,0.000668558992012956,-0.0026608730767519848,-0.030394281897043966,-7.59641467659318e-06,-3.88681158626547e-06,-0.897432520671155
8.555638966891827,415.07269732946503,2436.71030592903,-9.474754578642845,-67.11222631120008,0.086590326821972,-0.00058069336561482,99.7823944364391,8.714076725537973,0.10433541802042394,249.923592096108,7.5214795308372e-25,0.000668558992423335,-0.0026608730767519848,-0.030606131873608305,-3.9834040496838305e-06,-2.05208179249806e-06,-0.897676108756285
8.872514484184117,412.081291213667,2415.48779094172,-9.405884363488493,-66.83636756350506,0.0863190165690668,-0.0011317156915669733,99.757008110578,9.030952242830264,0.05779038068452668,249.92363275385648,7.52150360968003e-25,0.00066855899283732,-0.0026608730767519848,-0.030817981850304123,-2.10421222912523e-06,-1.0875203651916675e-06,-0.897921500409242
9.189390001476408,409.111645318671,2394.35272645546,-9.337412186345388,-66.56027138707947,0.0859120474278272,-0.0014369216377991,99.7316217821204,9.347827760122554,0.030720143483683564,249.923662046311,7.52150360968003e-25,0.00066855899325496,-0.0026608730767519848,-0.031029831827132162,-1.11960086572553e-06,-5.766914834936176e-07,-0.898168697610844
9.506265518768698,406.163630103853,2373.30518798011,-9.269359583270974,-66.28393604934011,0.0854310170365555,-0.0015991626604271933,99.7062354511743,9.664703277414842,0.015247459814456151,249.92368516973616,7.52150360968003e-25,0.000668558993676303,-0.0026608730767519848,-0.031241681804093913,-6.00100442945076e-07,-3.04169773255122e-07,-0.898417702318112
9.823141036060989,403.237111342967,2352.34525138531,-9.20173459208651,-66.00736101207563,0.0849115232174232,-0.0016796884390288466,99.680849118024,9.981578794707133,0.006525559917694135,249.92370433859614,7.52150360968003e-25,0.0006685589941014011,-0.0026608730767519848,-0.03145353178119011,-3.24133778453673e-07,-1.576797738078765e-07,-0.898668516472602
10.140016553353279,400.331953331451,2331.47299261837,-9.134538505571008,-65.73054632323982,0.0843738108070727,-0.0017141516086045332,99.6554627829651,10.298454311999423,0.0016700463754177823,249.9237206585053,7.52147744231062e-25,0.0006685589945303041,-0.0026608730767519848,-0.03166538175842226,-1.7655297931961699e-07,-7.829571953785409e-08,-0.898921142005456
10.456892070645567,397.44802048971,2310.68848756622,-9.06776924217749,-65.45349231601645,0.0838292407167734,-0.0017229715554230797,99.6300764462566,10.615329829291714,-0.0009976765214324162,249.9237347791602,7.52147744231062e-25,0.000668558994963065,-0.0026608730767519848,-0.03187723173579159,-9.71094566378574e-08,-3.488111511983745e-08,-0.899175580840571
10.773767587937858,394.585178163126,2289.9918119887902,-9.0014230453624,-65.17619945869554,0.0832841080204751,-0.00171770256769276,99.6046901081142,10.932205346584004,-0.0024390188180050676,249.9237471353977,7.52147744231062e-25,0.000668558995399738,-0.0026608730767519848,-0.03208908171329934,-5.40671536570861e-08,-1.087321858908753e-08,-0.8994318348967
11.090643105230148,391.743293016066,2269.38304148819,-8.935495346716976,-64.89866827933447,0.0827418509816787,-0.0017048214785320732,99.5793037687156,11.249080863876292,-0.0031981151065497955,249.92375804362018,7.52147744231062e-25,0.000668558995840377,-0.0026608730767519848,-0.032300931690946756,-3.05967756770653e-08,2.596175711888145e-09,-0.89968990608889
11.407518622522437,388.92223321929896,2248.86225149569,-8.869981206806589,-64.62089932783127,0.082204310819084,-0.00168793140555294,99.55391742820821,11.565956381168583,-0.0035801363593540602,249.92376774540875,7.52194477229311e-25,0.000668558996285036,-0.0026608730767519848,-0.03251278166873483,-1.77146028358482e-08,1.0305544556567309e-08,-0.899949796329528
11.724394139814727,386.121868531754,2228.42951726791,-8.80487554119793,-64.3428931568517,0.0816724423636826,-0.0016690237795388132,99.52853108671479,11.882831898460871,-0.0037550203170790115,249.92377643047985,7.52194477229311e-25,0.000668558996733772,-0.0026608730767519848,-0.03272463164666529,-1.05939508947845e-08,1.4845290292496955e-08,-0.900211507529102
12.041269657107017,383.34207032807296,2208.0849138874,-8.740173236529932,-64.06465031230742,0.0811467116063429,-0.0016491925461151933,99.5031447443389,12.199707415753162,-0.0038168687571845357,249.92378425054113,7.52194477229311e-25,0.0006685589971866441,-0.0026608730767519848,-0.03293648162473939,-6.625543121701979e-09,1.762768650857295e-08,-0.900475041596776
12.358145174399308,380.582711598365,2187.82851626553,-8.675869209963398,-63.78617132871045,0.0806273166330833,-0.001629034675084033,99.4777584011686,12.516582933045452,-0.0038175566993860484,249.92379132854444,7.52194477229311e-25,0.0006685589976437081,-0.0026608730767519848,-0.03314833160295811,-4.39063286265026e-09,1.942682025645525e-08,-0.900740400440835
12.675020691691598,377.843666933754,2167.66039914644,-8.61195843930181,-63.50745672700771,0.0801143097712704,-0.0016088731708521864,99.4523720572793,12.833458450337744,-0.0037855764196417898,249.9237977652248,7.53096297476704e-25,0.000668558998105025,-0.0026608730767519848,-0.03336018158132294,-3.1136706543625e-09,2.0669121611195698e-08,-0.901007585969036
12.991896208983889,375.124812504819,2147.58063711151,-8.548435977834362,-63.2285070137026,0.0796076648370164,-0.00158888056274846,99.42698571273621,13.150333967630033,-0.00373652793838161,249.92380364390525,7.53096297476704e-25,0.0006685589985706551,-0.0026608730767519848,-0.033572031559835375,-2.36863940938963e-09,2.159064837739335e-08,-0.90127660008888
13.308771726276177,372.426026036585,2127.5893045839,-8.48529696118128,-62.949322680621606,0.0791073140294423,-0.0015691469923592666,99.4015993675961,13.467209484922325,-0.003678926742438322,249.92380903409332,7.53096297476704e-25,0.0006685589990406601,-0.0026608730767519848,-0.0337838815384969,-1.92049364082525e-09,2.232272170502595e-08,-0.901547444707845
13.625647243568466,369.74718678201504,2107.68647583328,-8.422536609938486,-62.66990420501876,0.0786131681093478,-0.0015497176287827597,99.3762130219086,13.784085002214612,-0.003617405206531896,249.92381399422536,7.53096297476704e-25,0.000668558999515104,-0.0026608730767519848,-0.03399573151730875,-1.6390379005105701e-09,2.29387950668748e-08,-0.901820121733563
13.942522760860756,367.088175495016,2087.87222498032,-8.360150230115048,-62.39025204984198,0.0781251274006942,-0.0015306131763481597,99.3508266757173,14.100960519506902,-0.0035544714950252417,249.9238185737791,7.531125057684861e-25,0.0006685589999940511,-0.0026608730767519848,-0.034207581496272184,-1.45189464262775e-09,2.348022681863355e-08,-0.90209463307398
14.259398278153048,364.448874403489,2068.14662600123,-8.2981332124169,-62.110366664080715,0.0776430877654563,-0.0015118410931200465,99.325440329061,14.417836036799192,-0.0034914735186238003,249.92382281492974,7.531125057684861e-25,0.000668559000477566,-0.0026608730767519848,-0.034419431475388916,-1.31869232620494e-09,2.3970511598424598e-08,-0.902370980637484
14.576273795445337,361.829167182694,2048.50975273208,-8.236481030936956,-61.8302484831463,0.0771669438301961,-0.0014934017184979466,99.3000539819739,14.734711554091481,-0.0034291262640988042,249.9238267538446,7.531125057684861e-25,0.000668559000965715,-0.0026608730767519848,-0.03463128145466044,-1.21683700180344e-09,2.4423167875972953e-08,-0.902649166333019
14.893149312737629,359.228938929081,2028.96167887307,-8.175189241550653,-61.549897929261505,0.076696590712194,-0.0014752916158513331,99.2746676344868,15.051587071383773,-0.003367799901502851,249.92383042171718,7.531125057684861e-25,0.0006685590014585681,-0.0026608730767519848,-0.03484313143408801,-1.1336386557037e-09,2.484612372441885e-08,-0.902929192070176
15.210024830029917,356.648076134656,2009.50247799262,-8.11425348017721,-61.269315411849085,0.0762319249274547,-0.0014575053935859,99.2492812866272,15.368462588676062,-0.0033076770609298902,249.92383384558727,7.53235810943911e-25,0.000668559001956194,-0.0026608730767519848,-0.035054981413673345,-1.06193934627401e-09,2.5244162453537098e-08,-0.903211059759282
15.526900347322206,354.086466661893,1990.1322235314,-8.053669460993026,-60.98850132791189,0.0757728448532627,-0.0014400366955906066,99.22389493842,15.685338105968354,-0.003248838647033732,249.9238370490173,7.53235810943911e-25,0.000668559002458663,-0.0026608730767519848,-0.0352668313934177,-9.976785611802319e-10,2.562028984237815e-08,-0.903494771311472
15.843775864614498,351.543999719226,1970.85098880618,-7.993432974642723,-60.70745606240416,0.0753192509486957,-0.0014228787384759733,99.1985085898874,16.002213623260644,-0.0031913106483567235,249.92384005263168,7.53235810943911e-25,0.000668559002966048,-0.0026608730767519848,-0.03547868137332305,-9.38533984149766e-10,2.597650028348205e-08,-0.903780328638756
16.160651381906785,349.020565837093,1951.6588470136,-7.93353988647269,-60.42617998858629,0.0748710458440674,-0.0014060246016003267,99.17312224104981,16.319089140552933,-0.003135089666056715,249.9238428745589,7.53235810943911e-25,0.0006685590034784231,-0.0026608730767519848,-0.035690531353390634,-8.83160949196549e-10,2.6314207075652698e-08,-0.904067733654076
16.477526899199077,346.516056844542,1932.55587123383,-7.87398613479917,-60.14467346837305,0.0744281343598294,-0.0013894673822721733,99.1477358919256,16.63596465784522,-0.0030801568320517,249.92384553079688,7.531298518828261e-25,0.000668559003995862,-0.0026608730767519848,-0.03590238133362219,-8.30766097759982e-10,2.663448466965735e-08,-0.904356988271364
16.794402416491366,344.03036584637596,1913.54213443409,-7.814767729217802,-59.86293685266337,0.0739904234879393,-0.0013732002774472067,99.1223495425317,16.95284017513751,-0.0030264853921292095,249.92384803552213,7.531298518828261e-25,0.000668559004518443,-0.0026608730767519848,-0.03611423131401947,-7.80867935240943e-10,2.6938205429649603e-08,-0.904648094405587
17.111277933783654,341.56338720082704,1894.6177094721,-7.755880748956223,-59.580970481664856,0.0735578223536863,-0.0013572166253770666,99.09696319288341,17.269715692429802,-0.0029740448302585814,249.92385040133652,7.531298518828261e-25,0.000668559005046244,-0.0026608730767519848,-0.03632608129458394,-7.331621950791481e-10,2.722611712587345e-08,-0.904941053972792
17.428153451075946,339.115016497746,1875.78266909943,-7.6973213412716985,-59.298774685200556,0.0731302421677702,-0.0013415099254764267,99.0715768429949,17.58659120972209,-0.0029228031050353796,249.92385263948333,7.531298518828261e-25,0.000668559005579345,-0.0026608730767519848,-0.03653793127531734,-6.87445956628716e-10,2.7498887073735903e-08,-0.90523586889015
17.745028968368235,336.68515053729,1857.03708596475,-7.639085719892531,-59.016349783009645,0.0727075961739566,-0.0013260738463789,99.0461904928791,17.90346672701438,-0.0028727278537453095,249.92385476002448,7.5310931041478105e-25,0.000668559006117827,-0.0026608730767519848,-0.036749781256221414,-6.43574857602882e-10,2.7757127470975947e-08,-0.905532541075992
18.061904485660527,334.273687309104,1838.38103261694,-7.581170163503004,-58.733696085033664,0.0722897995951865,-0.0013109022276339734,99.020804142548,18.22034224430667,-0.0028237870330200168,249.92385677199016,7.5310931041478105e-25,0.000668559006661774,-0.0026608730767519848,-0.036961631237297655,-6.01438884301988e-10,2.80014101203524e-08,-0.905831072449847
18.378780002952816,331.88052597196696,1819.81458150818,-7.52357101427065,-58.450813891695496,0.0718767695796845,-0.0012959890780204467,98.9954177920126,18.537217761598964,-0.002775949251249875,249.92385868351008,7.5310931041478105e-25,0.0006685590072112711,-0.0026608730767519848,-0.037173481218548285,-5.609486577497629e-10,2.82322751429829e-08,-0.906131464932472
18.695655520245108,329.505566833906,1801.3378049969199,-7.466284676414441,-58.16770349416738,0.0714684251478796,-0.0012813285721043333,98.970031441283,18.854093278891252,-0.002729183932878255,249.9238605019228,7.5310931041478105e-25,0.000668559007766403,-0.0026608730767519848,-0.03738533119997455,-5.220276378589e-10,2.845023628467075e-08,-0.906433720445889
19.012531037537396,327.14871133275,1782.95077535079,-7.409307614813199,-57.88436517462935,0.071064687140554,-0.0012669150459290533,98.9446450903688,19.17096879618354,-0.002683461391553598,249.92386223386637,7.544709945003861e-25,0.0006685590083272611,-0.0026608730767519848,-0.03759718118157868,-4.84607634739106e-10,2.8655784274670702e-08,-0.906737840913409
19.329406554829685,324.809862017126,1764.65356474936,-7.352636353652236,-57.60079920651953,0.0706654781684192,-0.0012527429923193465,98.9192587392787,19.487844313475833,-0.0026387528529946357,249.92386388536795,7.544709945003861e-25,0.0006685590088939351,-0.0026608730767519848,-0.03780903116336242,-4.48626262152398e-10,2.8849389070978347e-08,-0.907043828259664
19.646282072121977,322.488922527875,1746.44624528691,-7.296267475107551,-57.317005854777285,0.0702707225631986,-0.00123880705606436,98.8938723880209,19.80471983076812,-0.00259503045223147,249.92386546190207,7.544709945003861e-25,0.0006685590094665161,-0.0026608730767519848,-0.03802088114532749,-4.1402540503993604e-10,2.903150145815205e-08,-0.907351684410634
19.963157589414266,320.18579757987396,1728.32888897509,-7.240197618066272,-57.03298537607329,0.0698803463302348,-0.00122510202911536,98.868486036603,20.12159534806041,-0.002552267216195749,249.9238669684575,7.544709945003861e-25,0.0006685590100451,-0.0026608730767519848,-0.03823273112747589,-3.8075033184878297e-10,2.9202554262607352e-08,-0.907661411293669
20.280033106706558,317.900392944271,1710.30156774548,-7.1844234768817685,-56.74873801903818,0.069494277102604,-0.0012116228458753531,98.8430996850322,20.438470865352702,-0.0025104370395613125,249.92386840959398,7.54586081942183e-25,0.0006685590106297821,-0.0026608730767519848,-0.03844458110980984,-3.48749146856562e-10,2.9362963339621653e-08,-0.907973010837518
20.596908623998846,315.632615431092,1692.3643534521,-7.128941800162979,-56.46426402447939,0.0691124440967021,-0.0011983645786163466,98.8177133333149,20.75534638264499,-0.0024695146574607208,249.92386978948116,7.54586081942183e-25,0.0006685590112206611,-0.0026608730767519848,-0.03865643109233059,-3.17972428382924e-10,2.9513128416595952e-08,-0.908286484972349
20.913784141291135,313.382372872244,1674.5173178738999,-7.073749389596365,-56.17956362559157,0.0687347780692613,-0.0011853224330406133,98.7923269814576,21.072221899937283,-0.002429475616908322,249.92387111194114,7.54586081942183e-25,0.000668559011817838,-0.0026608730767519848,-0.03886828107504087,-2.88372974473969e-10,2.96534338389804e-08,-0.908601835629774
21.230659658583427,311.149574104869,1656.76053271709,-7.0188430987994535,-55.894637048162224,0.068361211275748,-0.001172491743993,98.766940629466,21.38909741722957,-0.002390296247836361,249.92387238048545,7.54586081942183e-25,0.000668559012421416,-0.0026608730767519848,-0.039080131057942405,-2.59905652626551e-10,2.978424925093545e-08,-0.908919064742868
21.547535175875716,308.93412895507197,1639.09406961749,-6.9642198322053055,-55.60948451076713,0.0679916774300963,-0.0011598679713260866,98.7415542773456,21.70597293452186,-0.0023519536352117694,249.9238735983446,7.55772736712773e-25,0.000668559013031499,-0.0026608730767519848,-0.03929198104103719,-2.32527242980881e-10,2.990593022872785e-08,-0.909238174246193
21.864410693168008,306.735948221989,1621.51800014275,-6.90987654397658,-55.32410622496191,0.0676261116657276,-0.0011474466959126666,98.71616792510139,22.022848451814152,-0.002314425591347052,249.92387476849726,7.55772736712773e-25,0.000668559013648195,-0.0026608730767519848,-0.03950383102432746,-2.06196340856641e-10,3.001881887258265e-08,-0.909559166075815
22.181286210460296,304.554943662195,1604.03239579459,-6.855810236948282,-55.03850239546782,0.067264450497811,-0.0011352236158044533,98.6907815727385,22.33972396910644,-0.00227769062947666,249.9238758936912,7.55772736712773e-25,0.000668559014271614,-0.0026608730767519848,-0.03971568100781518,-1.8087326694487898e-10,3.0123244369379405e-08,-0.909882042169325
22.498161727752585,302.391027974443,1586.63732801089,-6.802017961598702,-54.7526732203495,0.0669066317867187,-0.0011231945425303333,98.6653952202613,22.65659948639873,-0.0022417279384532554,249.9238769764679,7.55772736712773e-25,0.000668559014901868,-0.0026608730767519848,-0.0399275309915026,-1.56519955994549e-10,3.021952352341845e-08,-0.910206804465858
22.815037245044874,300.24411478473,1569.33286816782,-6.748496815046924,-54.46661889118757,0.0665525947026329,-0.0011113553975282333,98.6400088676742,22.973475003691018,-0.0022065173577817832,249.9238780191821,7.55651176988397e-25,0.000668559015539071,-0.0026608730767519848,-0.04013938097539196,-1.3309991487055202e-10,3.030796126260585e-08,-0.91053345490611
23.131912762337166,298.11411863166796,1552.11908758183,-6.695243940076995,-54.180339593249094,0.0662022796912632,-0.00109970220870888,98.61462251498119,23.29035052098331,-0.0021720393544859755,249.92387902401606,7.55651176988397e-25,0.0006685590161833411,-0.0026608730767519848,-0.040351230959485465,-1.10578128194292e-10,3.038885112381285e-08,-0.910861995432356
23.448788279629454,296.000954952168,1534.99605751163,-6.642256524186762,-53.8938355056464,0.0658556284406326,-0.00108823110714168,98.5892361621861,23.6072260382756,-0.002138275000447288,249.92387999299612,7.55651176988397e-25,0.0006685590168347991,-0.0026608730767519848,-0.04056308094378538,-8.8920976521774e-11,3.0462475708633654e-08,-0.911192427988469
23.765663796921743,293.904540067416,1517.96384916013,-6.5895317986620725,-53.607106801496755,0.0655125838488955,-0.0010769383238603465,98.5638498092926,23.924101555567887,-0.002105205950201806,249.92388092800738,7.55651176988397e-25,0.000668559017493566,-0.0026608730767519848,-0.040774930928294165,-6.80962296388126e-11,3.052910712680415e-08,-0.911524754519935
24.082539314214035,291.82479116914,1501.02253367633,-6.537067037674044,-53.32015364807515,0.0651730899931488,-0.0010658201867857265,98.5384634563042,24.24097707286018,-0.0020728144210892326,249.9238818308064,7.5565765885007e-25,0.000668559018159769,-0.0026608730767519848,-0.040986780913013804,-4.8072913343794696e-11,3.05890074164919e-08,-0.911858976973867
24.399414831506324,289.76162630616096,1484.1721821571,-6.484859557399969,-53.03297620695974,0.0648370920992017,-0.0010548731177534999,98.5130771032241,24.557852590152468,-0.0020410831723243106,249.9238827030279,7.5565765885007e-25,0.000668559018833535,-0.0026608730767519848,-0.041198630897947286,-2.88213071431434e-11,3.064242894329445e-08,-0.912195097299024
24.716290348798616,287.714964371221,1467.41286564899,-6.4329067151662045,-52.74557463417705,0.0645045365122699,-0.0010440936296523865,98.4876907500555,24.87472810744476,-0.002009995486271686,249.92388354619942,7.5565765885007e-25,0.0006685590195149961,-0.0026608730767519848,-0.04141048088309633,-1.03128835146491e-11,3.0689614789185e-08,-0.912533117445828
25.033165866090904,285.68472508807,1450.7446551499802,-6.381205908612933,-52.45794908034144,0.0641753706685608,-0.0010334783236612666,98.4623043968012,25.191603624737052,-0.0019795351503232076,249.92388436174932,7.5565765885007e-25,0.000668559020204288,-0.0026608730767519848,-0.04162233086846418,7.47978277978283e-12,3.073079911735605e-08,-0.912873039366373
25.350041383383196,283.670828998826,1434.16762161117,-6.329754574879955,-52.17009969078648,0.063849543067719,-0.00102302388658198,98.43691804346409,25.50847914202934,-0.0019496864386061568,249.9238851510117,7.535917713888459e-25,0.0006685590209015461,-0.0026608730767519848,-0.04183418085405257,2.45830233223385e-11,3.0766207521252147e-08,-0.913214865014443
25.66691690067549,281.67319745158096,1417.6818359383901,-6.278550189812916,-51.88202660569921,0.063527003246102,-0.0010127270882687933,98.4115316900469,25.82535465932163,-0.0019204340954085812,249.92388591523618,7.535917713888459e-25,0.0006685590216069131,-0.0026608730767519848,-0.04204603083986471,4.1022129852348796e-11,3.07960573643475e-08,-0.913558596345528
25.983792417967777,279.691752588259,1401.2873689938601,-6.227590267189262,-51.59372996024429,0.0632077017508559,-0.0010025847791453265,98.3861453365521,26.142230176613925,-0.0018917633188628518,249.92388665559602,7.535917713888459e-25,0.000668559022320533,-0.0026608730767519848,-0.042257880825903094,5.6821406379333204e-11,3.08205581018037e-08,-0.913904235316836
26.300667935260066,277.72641733272,1384.98429159777,-6.176872357963358,-51.30520988468779,0.0628915901147653,-0.0009925938878076732,98.360758982982,26.459105693906213,-0.0018636597452769618,249.92388737319294,7.535917713888459e-25,0.000668559023042552,-0.0026608730767519848,-0.042469730812170196,7.200421691264701e-11,3.083991158725935e-08,-0.914251783887303
26.617543452552354,275.777115379091,1368.77267452975,-6.126394049530375,-51.01646650451566,0.0625786208318484,-0.0009827514187103132,98.3353726293392,26.775981211198502,-0.0018361094340039377,249.92388806905882,7.55006629321694e-25,0.0006685590237731241,-0.0026608730767519848,-0.042681580798668496,8.65930150817371e-11,3.0854312367817354e-08,-0.914601244017614
26.93441896984465,273.84377118033296,1352.65258853042,-6.076152965008386,-50.72749994055106,0.0622687473336737,-0.0009730544499318933,98.3099862756256,27.09285672849079,-0.0018090988529770955,249.92388874416707,7.55006629321694e-25,0.0006685590245124021,-0.0026608730767519848,-0.042893430785401476,1.0060937316439e-10,3.086394796779345e-08,-0.914952617670209
27.25129448713693,271.926309937037,1336.62410430285,-6.02614676253751,-50.43831030906478,0.0619619239663722,-0.0009635001310173933,98.2845999218435,27.40973224578308,-0.0017826148650344237,249.9238893994325,7.55006629321694e-25,0.0006685590252605451,-0.0026608730767519848,-0.04310528077237137,1.1407403926195499e-10,3.0868999160958296e-08,-0.915305906809302
27.568170004429223,270.02465758642904,1320.68729251396,-5.976373134596767,-50.14889772188375,0.0616581059683216,-0.0009540856808925467,98.25921356799489,27.726607763075368,-0.0017566447144988053,249.9238900357164,7.55006629321694e-25,0.000668559026017717,-0.0026608730767519848,-0.043317130759581136,1.27006982184088e-10,3.08696402249466e-08,-0.915661113400885
27.885045521721512,268.138740791599,1304.8422237959,-5.926829807337083,-49.859262286499785,0.0613572494484805,-0.0009448083858491199,98.2338272140816,28.04348328036766,-0.0017311760138754519,249.92389065383287,7.55614038352018e-25,0.0006685590267840831,-0.0026608730767519848,-0.04352898074703376,1.39427370071089e-10,3.08660391931095e-08,-0.916018239412748
28.201921039013804,266.26848693093,1289.08896874747,-5.8775145399304245,-49.56940410616883,0.0610593113653504,-0.0009356655976004399,98.2084408601056,28.36035879765995,-0.0017061967323713431,249.92389125454733,7.55614038352018e-25,0.0006685590275598151,-0.0026608730767519848,-0.043740830734732235,1.51353671688215e-10,3.085835809249815e-08,-0.91637728681449
28.518796556306096,264.413824087741,1273.42759793538,-5.8284251239346965,-49.279323280012505,0.0607642495065428,-0.0009266547313975666,98.1830545060685,28.677234314952237,-0.0016816951831083197,249.92389183858444,7.55614038352018e-25,0.0006685590283450871,-0.0026608730767519848,-0.043952680722679514,1.62803625291353e-10,3.08467531718907e-08,-0.916738257577524
28.835672073598385,262.574681040114,1257.8581818955802,-5.779559382673682,-48.989019903114446,0.0604720224689341,-0.0009177732642129733,98.1576681519722,28.994109832244533,-0.0016576600124275248,249.92389240663002,7.55614038352018e-25,0.000668559029140079,-0.0026608730767519848,-0.044164530710878586,1.73794315854279e-10,3.0831375121830897e-08,-0.917101153675097
29.152547590890673,260.750987250935,1242.3807911345,-5.730915170631636,-48.69849406661507,0.060182589639386,-0.00090901873298076,98.1322817978182,29.31098534953682,-0.0016340801884963823,249.92389295933077,7.566708352474e-25,0.000668559029944975,-0.0026608730767519848,-0.04437638069933292,1.84342189309033e-10,3.08123692799397e-08,-0.917465977082296
29.469423108182962,258.942672858105,1226.99549613032,-5.6824903728625795,-48.40774585780144,0.0598959111760147,-0.00090038873289698,98.106895443608,29.62786086682911,-0.001610944990724639,249.92389349730098,7.566708352474e-25,0.000668559030759964,-0.0026608730767519848,-0.044588230688045245,1.9446306422213e-10,3.078987583287855e-08,-0.917832729776062
29.786298625475258,257.149668664946,1211.70236733415,-5.634282904412949,-48.11677536019834,0.0596119479899895,-0.0008918809157758933,98.0815090893433,29.9447363841214,-0.0015882439995016213,249.92389402112235,7.566708352474e-25,0.0006685590315852391,-0.0026608730767519848,-0.044800080677019294,2.04172138723006e-10,3.0764030014655853e-08,-0.918201413735197
30.103174142767546,255.37190613079304,1196.50147517121,-5.586290709758416,-47.82558265365139,0.0593306617278434,-0.00088349298846042,98.0561227350253,30.261611901413687,-0.001565967087013017,249.9238945313442,7.566708352474e-25,0.000668559032420999,-0.0026608730767519848,-0.045011930666258276,2.1348408362234102e-10,3.073496228915235e-08,-0.918572030940378
30.420049660059835,253.60931736174604,1181.39289004199,-5.538511762253115,-47.53416781441408,0.0590520147542806,-0.0008752227112810867,98.0307363806555,30.578487418705983,-0.0015441044068788923,249.92389502848803,7.57137939510904e-25,0.000668559033267448,-0.0026608730767519848,-0.045223780655765176,2.22413002603188e-10,3.070279852458975e-08,-0.918944583374169
30.736925177352123,251.86183510161297,1166.37668232339,-5.490944063592414,-47.24253091522796,0.0587759701354625,-0.0008670678965697,98.0053500262352,30.89536293599827,-0.001522646385708686,249.92389551305448,7.57137939510904e-25,0.0006685590341247941,-0.0026608730767519848,-0.045435630645543956,2.3097248424087499e-10,3.0667660165477804e-08,-0.919319073021025
31.053800694644412,250.129392723005,1151.45292236977,-5.443585643287581,-46.9506720254013,0.0585024916227585,-0.0008590264072176266,97.9799636717658,31.21223845329056,-0.0015015837140053827,249.92389598550983,7.57137939510904e-25,0.0006685590349932521,-0.0026608730767519848,-0.04564748063559784,2.39175606729849e-10,3.0629664396303e-08,-0.919695501867309
31.370676211936708,248.41192421861,1136.6216805141,-5.39643455815274,-46.658591210886854,0.0582315436369459,-0.0008510961552820733,97.95457731724831,31.52911397058285,-0.0014809073378252858,249.92389644630583,7.57137939510904e-25,0.000668559035873042,-0.0026608730767519848,-0.04585933062593057,2.4703495763985e-10,3.05889243002076e-08,-0.920073871901297
31.687551729228996,246.709364192616,1121.88302706893,-5.349488891803484,-46.366288534356435,0.0579630912528437,-0.0008432751006364799,97.9291909626841,31.84598948787514,-0.0014606084508469546,249.92389689586668,7.58282860643491e-25,0.00066855903676439,-0.0026608730767519848,-0.046071180616545845,2.54562683376514e-10,3.054554900785815e-08,-0.920454185113191
32.00442724652129,245.021647852298,1107.2370323275,-5.3027467541671305,-46.073764055275134,0.0576971001843686,-0.0008355612496627532,97.9038046080742,32.16286500516743,-0.0014406784860322612,249.92389733460016,7.58282860643491e-25,0.0006685590376675301,-0.0026608730767519848,-0.046283030607447144,2.61770463486915e-10,3.049964384205e-08,-0.920836443495125
32.32130276381357,243.34871099975499,1092.6837665646701,-5.2562062810038706,-45.78101782996937,0.0574335367699976,-0.0008279526539875334,97.8784182534197,32.479740522459714,-0.0014211091085344818,249.92389776289147,7.58282860643491e-25,0.000668559038582697,-0.0026608730767519848,-0.04649488059863844,2.68669555498563e-10,3.045131045848695e-08,-0.921220649041181
32.638178281105866,241.690490023802,1078.22330003796,-5.209865633438869,-45.48804991169912,0.0571723679586251,-0.0008204474092559399,97.8530318987218,32.79661603975201,-0.0014018922082536134,249.92389818110942,7.58282860643491e-25,0.0006685590395101391,-0.0026608730767519848,-0.046706730590123695,2.75270815982308e-10,3.040064697792315e-08,-0.921606803747389
32.955053798398154,240.046921891998,1063.85570298847,-5.1637229975047365,-45.19486035072239,0.0569135612958031,-0.0008130436539446333,97.8276455439814,33.1134915570443,-0.0013830198926416057,249.92389858960507,7.63221530349528e-25,0.000668559040450106,-0.0026608730767519848,-0.04691858058190663,2.8158469418855097e-10,3.034774811373855e-08,-0.921994909611746
33.27192931569044,238.41794414283098,1049.5810456418599,-5.117776583694603,-44.901449194362485,0.0566570849103505,-0.00080573956821286,97.8022591891995,33.43036707433659,-0.0013644844802686465,249.92389898871312,7.63221530349528e-25,0.000668559041402857,-0.0026608730767519848,-0.047130430573991716,2.8762127841798296e-10,3.02927052952344e-08,-0.922384968634218
33.58880483298273,236.803494878034,1035.39939820923,-5.072024626524611,-44.60781648706938,0.0564029075013217,-0.0007985333727874866,97.7768728343771,33.74724259162888,-0.0013462784937698607,249.92389937875367,7.63221530349528e-25,0.0006685590423686581,-0.0026608730767519848,-0.04734228056638268,2.93390263708459e-10,3.023560678717905e-08,-0.922776982816751
33.90568035027502,235.20351275503901,1021.3108308880501,-5.026465384106745,-44.31396227048415,0.0561509983253227,-0.0007914233278852733,97.75148647951501,34.06411810892117,-0.0013283946541679452,249.92389976003068,7.63221530349528e-25,0.0006685590433477821,-0.0026608730767519848,-0.047554130559083974,2.9890101574850203e-10,3.0176537805433803e-08,-0.92317095416328
34.22255586756731,233.61793697956801,1007.31541386304,-4.98109713773056,-44.0198865834966,0.0559013271841633,-0.0007844077321651399,97.7261001246143,34.38099362621346,-0.0013108258743167232,249.92390013283983,7.61025708748678e-25,0.00066855904434051,-0.0026608730767519848,-0.04776598055209982,3.0416256562468e-10,3.01155806216556e-08,-0.923566884679739
34.539431384859604,232.046707298353,993.413217307007,-4.93591819145455,-43.72558946230621,0.0556538644128367,-0.0007774849217150734,97.7007137696757,34.69786914350575,-0.0012935652532347582,249.92390049745578,7.61025708748678e-25,0.0006685590453471301,-0.0026608730767519848,-0.04797783054543469,3.09183626371159e-10,3.00528146686344e-08,-0.923964776374068
34.85630690215189,230.489763991983,979.604311381707,-4.890926871706132,-43.43107094047689,0.0554085808678144,-0.0007706532690689066,97.67532741469999,35.01474466079804,-0.0012766060700271156,249.92390085414985,7.61025708748678e-25,0.0006685590463679401,-0.0026608730767519848,-0.04818968053909279,3.13972556153508e-10,2.9988316646366705e-08,-0.92436463125622
35.17318241944418,228.94704786788,965.8887662386751,-4.846121526890515,-43.136331048994236,0.0551654479156485,-0.0007639111822552666,97.64994105968819,35.33162017809033,-0.0012599417794347154,249.923901203174,7.61025708748678e-25,0.000668559047403246,-0.0026608730767519848,-0.048401530533079336,3.18537475576552e-10,2.99221606173297e-08,-0.924766451338174
35.49005793673647,227.418500253395,952.2666520200261,-4.801500527008144,-42.841369816319194,0.0549244374218712,-0.0007572571038699933,97.6245547046409,35.64849569538262,-0.001243566005197243,249.92390154477354,7.59597713046195e-25,0.000668559048453362,-0.0026608730767519848,-0.04861338052739829,3.22886175776045e-10,2.9854418096169445e-08,-0.925170238633937
35.80693345402876,225.904062989023,938.738038859247,-4.757062263280244,-42.54618726844077,0.0546855217401825,-0.0007506895101835932,97.5991683495589,35.96537121267491,-0.001227472536011121,249.9239018791841,7.59597713046195e-25,0.0006685590495186121,-0.0026608730767519848,-0.048825230522054876,3.27026187320904e-10,2.978515814412495e-08,-0.925575995159556
36.123808971321054,224.403678421738,925.3029968819731,-4.7128051477826425,-42.250783428926525,0.0544486737019177,-0.0007442069102700799,97.5737819944429,36.2822467299672,-0.001211655320022195,249.92390220662995,7.59597713046195e-25,0.000668559050599329,-0.0026608730767519848,-0.04903708051705405,3.30964766868263e-10,2.971444745362785e-08,-0.925983722933127
36.44068448861334,222.917289398441,911.961596206748,-4.668727613087113,-41.95515831897328,0.0542138666057861,-0.00073780784516488,97.54839563929369,36.59912224725949,-0.0011961084604677032,249.9239025273256,7.59597713046195e-25,0.000668559051695857,-0.0026608730767519848,-0.04924893051240076,3.3470893691485403e-10,2.964235042990485e-08,-0.9263934239748
36.75756000590563,221.444839259519,898.713906945766,-4.6248281119108325,-41.65931195745677,0.053981074207873,-0.0007314908870457399,97.523009284112,36.91599776455178,-0.001180826210526387,249.92390284147737,7.569767766146371e-25,0.000668559052808548,-0.0026608730767519848,-0.049460780508099725,3.3826544141393603e-10,2.9568929272857002e-08,-0.926805100306788
37.07443552319793,219.98627183252,885.5599992056,-4.5811051167728465,-41.36324436097715,0.0537502707118971,-0.00072525463844086,97.4976229288983,37.232873281844064,-0.0011658029693567605,249.92390314928355,7.569767766146371e-25,0.000668559053937767,-0.0026608730767519848,-0.04967263050415666,3.4164078403923903e-10,2.9494244058961802e-08,-0.927218753953373
37.391311040490216,218.541531425929,872.499943087917,-4.537557119658202,-41.066955543906964,0.0535214307597151,-0.0007190977314579266,97.4722365736533,37.54974879913635,-0.00115103327802417,249.92390345093585,7.569767766146371e-25,0.000668559055083889,-0.0026608730767519848,-0.04988448050057703,3.4484129762511e-10,2.9418352807449e-08,-0.927634386940918
37.708186557782504,217.11056282305,859.533808690173,-4.4941826316887985,-40.770445518435125,0.0532945294220675,-0.0007130188270346867,97.4468502183778,37.86662431642864,-0.0011365118143080491,249.92390374661636,7.569767766146371e-25,0.0006685590562473001,-0.0026608730767519848,-0.05009633049736577,3.4787303944716103e-10,2.93413115511459e-08,-0.928052001297869
38.02506207507479,215.693311275998,846.661666106305,-4.450980182801468,-40.473714294611604,0.0530695421895575,-0.0007070166142168933,97.4214638630722,38.18349983372094,-0.0011222333897499006,249.9239040365005,7.60680145455807e-25,0.000668559057428399,-0.0026608730767519848,-0.05030818049452885,3.50741864443379e-10,2.926317441292935e-08,-0.928471599054768
38.34193759236708,214.28972249978,833.883585427394,-4.40794832143266,-40.17676188038929,0.0528464449638562,-0.0007010898094518999,97.3960775077371,38.500375351013226,-0.0011081929453303917,249.92390432075564,7.60680145455807e-25,0.0006685590586275971,-0.0026608730767519848,-0.05052003049207198,3.53453428094623e-10,2.918399366961345e-08,-0.928893182244255
38.65881310965937,212.899742666491,821.199636742326,-4.365085614209538,-39.87958828166724,0.0526252140491279,-0.0006952371559050467,97.3706911523732,38.817250868305514,-0.001094385547786547,249.92390459954595,7.60680145455807e-25,0.000668559059845318,-0.0026608730767519848,-0.05073188049000085,3.5601319630410696e-10,2.910381981396555e-08,-0.929316752901078
38.975688626951666,211.523318399587,808.609890138441,-4.322390645647801,-39.582193502330114,0.0524058261436691,-0.0006894574227955066,97.345304796981,39.1341263855978,-0.0010808063859715058,249.92390487302742,7.60680145455807e-25,0.000668559061081998,-0.0026608730767519848,-0.050943730488321674,3.58426454345093e-10,2.902270161399375e-08,-0.929742313062102
39.292564144243954,210.160396768274,796.1144157021561,-4.279862017855485,-39.28457754428851,0.052188258331755,-0.0006837494047513866,97.319918441561,39.4510019028901,-0.0010674507672226324,249.92390514134954,7.61373841386169e-25,0.0006685590623380891,-0.0026608730767519848,-0.0511555804870404,3.6069829152076803e-10,2.8940686172714253e-08,-0.93016986476631
39.60943966153624,208.810925281971,783.713283519592,-4.237498350243077,-38.986740407517516,0.0519724880756869,-0.00067811192118392,97.2945320861138,39.76787742018239,-0.0010543141140649782,249.92390540465686,7.61373841386169e-25,0.0006685590636140561,-0.0026608730767519848,-0.05136743048616349,3.6283360445408e-10,2.8857818990500652e-08,-0.930599410054819
39.92631517882853,207.47485188487698,771.4065636771779,-4.195298279239329,-38.688682090094495,0.0517584932080358,-0.0006725438156792065,97.2691457306398,40.084752937474676,-0.001041391961309782,249.92390566308927,7.61373841386169e-25,0.000668559064910379,-0.0026608730767519848,-0.05157928048569762,3.6483716891991503e-10,2.877414401474775e-08,-0.931030950970877
40.24319069612082,206.152124950621,759.194326262247,-4.153260458012941,-38.39040258823603,0.0515462519240754,-0.00066704395540514,97.2437593751396,40.40162845476697,-0.0010286799519889534,249.92390591677994,7.61373841386169e-25,0.0006685590662275551,-0.0026608730767519848,-0.05179113048564876,3.6671355249088496e-10,2.86897036925223e-08,-0.931464489559878
40.560066213413116,204.842693277001,747.07664136362,-4.111383556200186,-38.091901896333745,0.0513357427744007,-0.0006616112305398946,97.21837301961361,40.71850397205926,-0.0010161738351920583,249.92390616585723,7.563724558514971e-25,0.000668559067566096,-0.0026608730767519848,-0.05200298048602435,3.68467188454619e-10,2.8604539025098647e-08,-0.931900027869364
40.876941730705404,203.54650608080698,735.0535790721781,-4.069666259637603,-37.79318000698948,0.051126944657725,-0.0006562445537118047,97.1929866640623,41.03537948935155,-0.0010038694625083906,249.92390641044958,7.563724558514971e-25,0.000668559068926531,-0.0026608730767519848,-0.052214830486830836,3.70102347779856e-10,2.85186896156916e-08,-0.932337567949034
41.19381724799769,202.263512992731,723.125209481426,-4.028107270100347,-37.49423691104943,0.0509198368138519,-0.0006509428594580332,97.1676003084862,41.352255006643844,-0.0009917627855529113,249.92390665067393,7.563724558514971e-25,0.000668559070309407,-0.0026608730767519848,-0.052426680488075666,3.71623179364306e-10,2.8432193714538748e-08,-0.932777111850751
41.51069276528998,200.993664052356,711.291602688041,-3.9867053050458505,-37.19507259763765,0.0507143988168166,-0.0006457051036963113,97.1422139528857,41.66913052393613,-0.000979849852599507,249.92390688664568,7.563724558514971e-25,0.0006685590717152901,-0.0026608730767519848,-0.05263853048976577,3.73033654215971e-10,2.8345088266660502e-08,-0.933218661628545
41.82756828258227,199.736909703226,699.552828792416,-3.945459097362354,-36.89568705418854,0.0505106105681919,-0.0006405302632144573,97.1168275972612,41.98600604122842,-0.0009681268066196333,249.92390711848017,7.643578889516571e-25,0.000668559073144765,-0.0026608730767519848,-0.052850380491909106,3.7433763215440505e-10,2.825740895833335e-08,-0.933662219338624
42.144443799874566,198.49320078799502,687.908957899185,-3.9043673951226716,-36.596080266478744,0.0503084522905539,-0.0006354173351702554,97.0914412416132,42.30288155852071,-0.0009565898820982252,249.92390734628142,7.643578889516571e-25,0.000668559074598436,-0.0026608730767519848,-0.05306223049451286,3.75538835738304e-10,2.8169190256335748e-08,-0.934107787039379
42.461319317166854,197.26248854365699,676.360060117751,-3.8634289613427706,-36.29625221865804,0.0501079045211042,-0.000630365336608148,97.066054885942,42.619757075813,-0.0009452354029256612,249.92390757015514,7.643578889516571e-25,0.0006685590760769281,-0.0026608730767519848,-0.05327408049758522,3.76640892320196e-10,2.808046544548395e-08,-0.934555366791388
42.77819483445914,196.044724596844,664.906205562788,-3.822642573745113,-35.99620289327993,0.0499089481054429,-0.0006253733039870633,97.0406685302481,42.936632593105294,-0.0009340597791783319,249.92390779020354,7.643578889516571e-25,0.0006685590775808901,-0.0026608730767519848,-0.05348593050113412,3.77647240380231e-10,2.799126667390335e-08,-0.935004960657426
43.09507035175143,194.839860959205,653.547464354751,-3.7820070245266626,-35.695932271330996,0.0497115641914889,-0.0006204402927252459,97.0152821745319,43.25350811039758,-0.0009230595060159169,249.92390800652262,7.61464143773104e-25,0.00066855907911099,-0.0026608730767519848,-0.05369778050516775,3.7856126912803196e-10,2.79016249908552e-08,-0.93545657070247
43.41194586904372,193.64785002285402,642.28390662036,-3.7415211201314555,-35.39544033225985,0.0495157342235432,-0.0006155653767509066,96.9898958187936,43.57038362768987,-0.0009122311600995215,249.92390821920495,7.61464143773104e-25,0.000668559080667924,-0.0026608730767519848,-0.053909630509695036,3.79386219800649e-10,2.781157037818455e-08,-0.935910198993703
43.728821386336016,192.46864455589298,631.115602493088,-3.7011836810276053,-35.09472705400541,0.0493214399364917,-0.0006107476480717953,96.96450946303379,43.88725914498216,-0.0009015713981176804,249.92390842834482,7.61464143773104e-25,0.0006685590822524101,-0.0026608730767519848,-0.05412148051472417,3.80125228263402e-10,2.7721131791611498e-08,-0.936365847600525
44.045696903628304,191.302197698002,620.042622113635,-3.660993541488641,-34.79379241302448,0.0491286633501434,-0.0006059862163525539,96.9391231072528,44.20413466227445,-0.0008910769543995168,249.92390863402667,7.61464143773104e-25,0.0006685590838651921,-0.0026608730767519848,-0.05433333052026433,3.80781328127273e-10,2.763033719270475e-08,-0.936823518594553
44.36257242092059,190.148462956096,609.065035630388,-3.6209495493791115,-34.49263638431842,0.0489373867637003,-0.0006012802085046773,96.9137367514508,44.521010179566744,-0.0008807446388556941,249.92390883633672,7.65061702023129e-25,0.0006685590855070431,-0.0026608730767519848,-0.05454518052632494,3.81357454583432e-10,2.75392135816185e-08,-0.937283214049634
44.67944793821288,189.007394200055,598.182913199885,-3.5810505659442984,-34.19125894145987,0.0487475927503553,-0.0005966287682873472,96.8883503956283,44.83788569685902,-0.0008705713349349039,249.92390903535772,7.65061702023129e-25,0.000668559087178762,-0.0026608730767519848,-0.054757030532915175,3.81856450480797e-10,2.74477870277004e-08,-0.937744936041845
44.99632345550517,187.878945658514,587.3963249872601,-3.5412954656039917,-33.889660056617934,0.0485592641520153,-0.0005920310559190587,96.86296403978561,45.154761214151314,-0.0008605539974528885,249.92390923116938,7.65061702023129e-25,0.0006685590888811801,-0.0026608730767519848,-0.05496888054004472,3.8228103536648703e-10,2.7356082703391098e-08,-0.938208686649502
45.31319897279746,186.76307191472299,576.7053411666831,-3.501683135750216,-33.58783970058367,0.0483723840741455,-0.0005874862477007113,96.8375776839231,45.4716367314436,-0.0008506896512869916,249.92390942384804,7.65061702023129e-25,0.0006685590906151581,-0.0026608730767519848,-0.05518073054772399,3.8263387831999604e-10,2.726412491262975e-08,-0.938674467953165
45.63007449008975,185.659727902465,566.110031921796,-3.4622124765488373,-33.28579784279437,0.0481869358807314,-0.0005829935356455986,96.8121913280409,45.78851224873589,-0.0008409753887151229,249.92390961346686,7.67569130306741e-25,0.000668559092381589,-0.0026608730767519848,-0.05539258055596289,3.8291753255350197e-10,2.7171937116980547e-08,-0.939142282035646
45.946950007382036,184.56886890204,555.610467446134,-3.422882400744895,-32.983534451357606,0.0480029031893572,-0.0005785521271234453,96.78680497213949,46.10538776602819,-0.0008314083682412018,249.92390980010057,7.67569130306741e-25,0.0006685590941814011,-0.0026608730767519848,-0.055604430564772114,3.83134474682103e-10,2.7079541966755053e-08,-0.939612130982011
46.26382552467433,183.49045053631198,545.206717943546,-3.3836918334716817,-32.68104949307458,0.047820269866394,-0.0005741612445106526,96.7614186162191,46.422263283320476,-0.0008219858126374554,249.92390998381902,7.67569130306741e-25,0.000668559096015558,-0.0026608730767519848,-0.055816280574162325,3.83287107960681e-10,2.698696132456545e-08,-0.94008401687959
46.58070104196662,182.424428766809,534.898853628606,-3.344639712063378,-32.37834293346294,0.0476390200222994,-0.0005698201248508793,96.7360322602801,46.739138800612764,-0.0008127050070743148,249.9239101646889,7.67569130306741e-25,0.0006685590978850601,-0.0026608730767519848,-0.05602813058414517,3.8337773267295794e-10,2.6894216293966952e-08,-0.94055794181798
46.89757655925891,181.370759889889,524.686944727011,-3.3057249858712545,-32.07541473677938,0.0474591380070214,-0.0005655280195255006,96.7106459043227,47.05601431790505,-0.0008035632980669576,249.92391034277514,7.77426114334122e-25,0.000668559099790949,-0.0026608730767519848,-0.05623998059473181,3.8340862014135997e-10,2.68013272404399e-08,-0.941033907889052
47.2144520765512,180.329400532958,514.571061475983,-3.2669466160832834,-31.77226486604108,0.0472806084055064,-0.0005612841939296327,96.6852595483472,47.37288983519735,-0.0007945580909300384,249.92391051814275,7.77426114334122e-25,0.000668559101734305,-0.0026608730767519848,-0.056451830605934415,3.83381912579029e-10,2.670831381643215e-08,-0.941511917186955
47.531327593843486,179.300307650751,504.5512741246549,-3.22830357554714,-31.46889328304753,0.0471034160333084,-0.0005570879271615953,96.6598731923539,47.68976535248964,-0.000785686849176417,249.92391069085514,7.77426114334122e-25,0.000668559103716254,-0.0026608730767519848,-0.05666368061776489,3.8329969772503103e-10,2.6615194990979248e-08,-0.941991971808123
47.848203111135774,178.283438521659,494.627652934454,-3.1897948485964776,-31.165299948401017,0.0469275459322947,-0.0005529385117155533,96.6344868363431,48.006640869781926,-0.0007769470925663429,249.92391086096754,7.77426114334122e-25,0.000668559105737967,-0.0026608730767519848,-0.056875530630236114,3.83164002090727e-10,2.652198906799425e-08,-0.942474073851284
48.16507862842807,177.278750744124,484.80026817948004,-3.1514194308804577,-30.861484821527192,0.0467529833664489,-0.0005488352531844587,96.609100480315,48.323516387074214,-0.0007683363957847251,249.92391102854333,7.754551250246071e-25,0.000668559107800662,-0.0026608730767519848,-0.05708738064336102,3.82976801649273e-10,2.6428713704461502e-08,-0.942958225417457
48.48195414572036,176.286202233073,475.06919014686997,-3.1131763291963646,-30.55744786069509,0.0465797138177654,-0.0005447774699699786,96.5837141242699,48.6403919043665,-0.0007598523867700224,249.9239111936345,7.754551250246071e-25,0.000668559109905608,-0.0026608730767519848,-0.05729923065715272,3.8273998726601e-10,2.633538593200065e-08,-0.943444428609967
48.79882966301265,175.305751216416,465.434489137167,-3.0750645613253806,-30.253189023036565,0.0464077229822359,-0.0005407644930012533,96.558327768208,48.9572674216588,-0.0007514927455693271,249.92391135629953,7.754551250246071e-25,0.0006685591120541281,-0.0026608730767519848,-0.057511080671625386,3.8245536888100604e-10,2.6242022183333252e-08,-0.943932685534444
49.115705180304936,174.33735623158898,455.896235464674,-3.037083155871299,-29.948708264565326,0.0462369967659229,-0.000536795665459692,96.5329414121296,49.27414293895109,-0.0007432552033503137,249.92391151658887,7.754551250246071e-25,0.0006685591142476001,-0.0026608730767519848,-0.05772293068679314,3.82124749994064e-10,2.614863830657655e-08,-0.944422998298831
49.43258069759723,173.38097612215,446.454499457807,-2.9992311521022295,-29.644005540195717,0.0460675212811204,-0.0005328703425089953,96.5075550560349,49.591018456243376,-0.0007351375401630772,249.92391167455605,7.803795522475941e-25,0.0006685591164874601,-0.0026608730767519848,-0.05793478070267063,3.8174981712341704e-10,2.6055249584343e-08,-0.944915369013391
49.74945621488952,172.436570034425,437.109351459438,-2.9615075997951505,-29.33908080376092,0.0458992828425974,-0.0005289878910369926,96.4821686999241,49.907893973535664,-0.0007271375848855833,249.92391183024827,7.803795522475941e-25,0.0006685591187752071,-0.0026608730767519848,-0.058146630719272965,3.81332258426547e-10,2.59618707531453e-08,-0.945409799790707
50.06633173218181,171.504097414199,427.86086182724,-2.9239115590833276,-29.033934008030762,0.0457322679639242,-0.0005251476893977706,96.4567823437976,50.22476949082796,-0.0007192532127777027,249.92391198371746,7.803795522475941e-25,0.000668559121112405,-0.0026608730767519848,-0.0583584807366158,3.8087364948709495e-10,2.586851602043205e-08,-0.945906292745696
50.383207249474104,170.583518003464,418.709100934014,-2.886442100306422,-28.728565104729313,0.0455664633538774,-0.0005213491271667193,96.4313959876555,50.54164500812024,-0.0007114823455577043,249.92391213501085,7.803795522475941e-25,0.000668559123500688,-0.0026608730767519848,-0.05857033075471574,3.8037557548230205e-10,2.5775199081399752e-08,-0.946404849995604
50.70008276676639,169.674791837203,409.654139168025,-2.8490983038633657,-28.422974044551783,0.0454018559129233,-0.0005175916048951706,96.40600963149791,50.85852052541254,-0.0007038229489872028,249.9239122841722,7.880506846741871e-25,0.000668559125941761,-0.0026608730767519848,-0.05878218077358892,3.79839515010628e-10,2.568193313443335e-08,-0.946905473660021
51.01695828405868,168.777879240227,400.69604693331803,-2.8118792600678204,-28.11716077718136,0.0452384327297767,-0.000513874533877796,96.38062327532529,51.17539604270483,-0.000696273032799804,249.92391243124706,7.880506846741871e-25,0.000668559128437409,-0.0026608730767519848,-0.05899403079325294,3.7926692091323005e-10,2.5588730902691702e-08,-0.94740816586088
51.33383380135098,167.892740824058,391.834894650044,-2.7747840690062646,-27.811125251305683,0.0450761810780333,-0.0005101973359203772,96.3552369191377,51.492271559997114,-0.0006888306491777572,249.92391257627932,7.880506846741871e-25,0.000668559130989494,-0.0026608730767519848,-0.05920588081372592,3.78659221190709e-10,2.549560464141855e-08,-0.947912928722465
51.65070931864326,167.01933748385,383.070752754766,-2.737811840398573,-27.50486741463253,0.0449150884128746,-0.0005065594431156273,96.3298505629354,51.80914707728941,-0.0006814938913414129,249.9239127193112,7.880506846741871e-25,0.000668559133599968,-0.0026608730767519848,-0.05941773083502572,3.7801774263855997e-10,2.54025661587537e-08,-0.948419764371416
51.967584835935554,166.157630395361,374.403691700771,-2.700961693461092,-27.198387213905754,0.0447551423678424,-0.0005029602976264553,96.30446420671859,52.12602259458169,-0.0006742608935030048,249.92391286038335,7.75948731316741e-25,0.000668559136270871,-0.0026608730767519848,-0.059629580857172175,3.7734383328061797e-10,2.530962682844565e-08,-0.948928674936733
52.28446035322785,165.307581011966,365.833781958372,-2.664232756772117,-26.89168459492059,0.0445963307516823,-0.0004993993514694759,96.27907785048741,52.44289811187399,-0.0006671298286634374,249.92391299953636,7.75948731316741e-25,0.0006685591390043431,-0.0026608730767519848,-0.05984143088018465,3.76638741945689e-10,2.521679760240915e-08,-0.949439662549781
52.60133587052013,164.469151061707,357.36109401520497,-2.6276241681397874,-26.584759502538517,0.0444386415452537,-0.0004958760663101619,96.2536914942421,52.759773629166276,-0.0006600989086494219,249.9239131368093,7.75948731316741e-25,0.000668559141802623,-0.0026608730767519848,-0.060053280904083725,3.759036987545e-10,2.51240890293612e-08,-0.9499527293443
52.91821138781243,163.642302544393,348.985698376524,-2.5911350744722217,-26.277611880702022,0.0442820628985047,-0.0004923899132577892,96.2283051379828,53.076649146458564,-0.0006531663827719951,249.92391327223783,7.75948731316741e-25,0.0006685591446680601,-0.0026608730767519848,-0.06026513092889098,3.7513991638186497e-10,2.503151126075535e-08,-0.950467877456402
53.23508690510471,162.82699772873698,340.70766556549097,-2.5547646316500106,-25.97024167244903,0.0441265831275111,-0.000488940372667476,96.2029187817098,53.39352466375086,-0.0006463305367787253,249.92391340586263,7.737032862049431e-25,0.000668559147603117,-0.0026608730767519848,-0.06047698095462825,3.74348558314758e-10,2.493907406164635e-08,-0.950985109024583
53.551962422397004,162.02319914953,332.527066123457,-2.518512004400875,-25.662648819926876,0.0439721907115771,-0.00048552693394775,96.1775324254233,53.71040018104315,-0.000639589691905893,249.9239135377162,7.737032862049431e-25,0.000668559150610381,-0.0026608730767519848,-0.060688830981318366,3.7353070004362304e-10,2.48467868328444e-08,-0.951504426189725
53.8688379396893,161.230869604856,324.443970610245,-2.4823763661765352,-25.35483326440614,0.0438188742903959,-0.0004821490953731253,96.1521460691233,54.02727569833544,-0.0006329422047612463,249.92391366783426,7.737032862049431e-25,0.000668559153692567,-0.0026608730767519848,-0.06090068100898513,3.72687443233247e-10,2.47546586202537e-08,-0.952025831095102
54.18571345698158,160.449972153352,316.458449604426,-2.446356899031681,-25.046794946294153,0.0436666226612703,-0.0004788063638972947,96.1267597128101,54.344151215627726,-0.000626386465559003,249.9239137962526,7.737032862049431e-25,0.0006685591568525301,-0.0026608730767519848,-0.06111253103765334,3.71819841975177e-10,2.4662698118442e-08,-0.952549325886384
54.50258897427386,159.680470111495,308.570573703586,-2.4104527935050712,-24.738533805148187,0.0435154247763904,-0.00047549825497564594,96.1013733564839,54.66102673292001,-0.0006199208977288886,249.92391392300206,7.85294812660344e-25,0.000668559160093269,-0.0026608730767519848,-0.061324381067348326,3.70928904771537e-10,2.457091368625335e-08,-0.953074912711645
54.81946449156616,158.922327050938,300.780413524599,-2.3746632485026526,-24.430049779688275,0.0433652697401674,-0.000472224292389844,96.0759870001448,54.9779022502123,-0.0006135439570549927,249.92391404811676,7.85294812660344e-25,0.0006685591634179441,-0.0026608730767519848,-0.06153623109809686,3.7001559623168796e-10,2.447931336045375e-08,-0.953602593721362
55.13634000885845,158.17550679587,293.088039703886,-2.3389874711826746,-24.121342807810137,0.0432161468066223,-0.00046898400807695467,96.050600643793,55.294777767504584,-0.0006072541311342658,249.923914171626,7.85294812660344e-25,0.000668559166829878,-0.0026608730767519848,-0.06174808112992673,3.6908087993824603e-10,2.43879048630813e-08,-0.954132371068427
55.453215526150736,157.43997342042502,285.493522897679,-2.303424676842799,-23.812412826597335,0.0430680453768283,-0.00046577694196143663,96.0252142874287,55.61165328479688,-0.0006010499382096542,249.92391429356383,7.85294812660344e-25,0.000668559170332574,-0.0026608730767519848,-0.06195993116286622,3.68125677519022e-10,2.429669560880655e-08,-0.954664246908149
55.770091043443024,156.715691246118,277.99693378226897,-2.2679740888091025,-23.50325977233358,0.0429209549964053,-0.000462602641793292,95.9998279310519,55.928528802089176,-0.0005949299264526296,249.9239144139563,7.840627733963551e-25,0.0006685591739297261,-0.0026608730767519848,-0.062171781196945844,3.6715082882272103e-10,2.4205692723946652e-08,-0.955198223398255
56.08696656073532,156.002624839316,270.598343054266,-2.2326349383269766,-23.193883580514534,0.0427748653530656,-0.0004594606629900033,95.974441574663,56.24540431938146,-0.0005888926742103297,249.9239145328343,7.840627733963551e-25,0.0006685591776252301,-0.0026608730767519848,-0.062383631232196354,3.66157254259475e-10,2.411490304782045e-08,-0.955734302698904
56.40384207802761,155.300739008749,263.297821430841,-2.1974064644538682,-22.88428418585948,0.042629766274209,-0.0004563505684771693,95.9490552182619,56.56227983667375,-0.0005829367875792452,249.92391465022706,7.840627733963551e-25,0.0006685591814232,-0.0026608730767519848,-0.06259548126865025,3.6514575436650795e-10,2.40243331379532e-08,-0.956272486972684
56.7207175953199,154.609998803052,256.095439649972,-2.162287913953824,-22.574461522322856,0.0424856477245671,-0.00045327192854195463,95.923668861849,56.879155353966034,-0.0005770609013431607,249.92391476616058,7.840627733963551e-25,0.000668559185327985,-0.0026608730767519848,-0.06280733130634152,3.6411713879420906e-10,2.393398928862945e-08,-0.956812778384618
57.03759311261219,153.930369508335,248.99126847068402,-2.1272785411938284,-22.264415523105253,0.042342499803895,-0.00045022432068158333,95.8982825054243,57.19603087125833,-0.000571263677427161,249.92391488066406,4.7674244155186995e-25,0.000668559189344179,-0.0026608730767519848,-0.06301918134530564,3.63072182265784e-10,2.3843877534545703e-08,-0.957355179102174
57.354468629904474,153.261816645793,241.985378673288,-2.0923776080418515,-21.954146120664575,0.0422003127447084,-0.0004472073294599993,95.87289614898789,57.512906388550626,-0.0005655438044943406,249.92391499376197,4.7674244155186995e-25,0.0006685591934766501,-0.0026608730767519848,-0.06323103138557906,3.62011621427434e-10,2.375400366313275e-08,-0.957899691295263
57.67134414719677,152.60430596934398,235.077841059615,-2.0575843837665984,-21.64365324672661,0.0420590769100678,-0.0004442205463666566,95.8475097925401,57.82978190584291,-0.0005598999975179272,249.92391510548026,4.7674244155186995e-25,0.00066855919773055,-0.0026608730767519848,-0.06344288142720025,3.60936197820892e-10,2.36643732189984e-08,-0.958446317136251
57.988219664489066,151.95780346330102,228.26872645324,-2.022898144938953,-21.332936832295683,0.0419187827914049,-0.00044126356967756533,95.8221234360809,58.1466574231352,-0.0005543309967872459,249.92391521584327,4.7674244155186995e-25,0.000668559202111342,-0.0026608730767519848,-0.0636547314702099,3.5984661519352203e-10,2.357499151029225e-08,-0.958995058799957
58.30509518178135,151.322275340072,221.55810569971902,-1.9883181753350305,-21.021996807664895,0.0417794210063944,-0.00043833600432159733,95.79673707961051,58.46353294042749,-0.0005488355677989683,249.92391532487707,4.77642306279812e-25,0.0006685592066248201,-0.0026608730767519848,-0.06386658151464968,3.5874359155821e-10,2.34858636119718e-08,-0.959545918463661
58.62197069907364,150.697688037892,214.946049666803,-1.9538437658408476,-20.710833102426214,0.041640982296866,-0.00043543746174735194,95.771350723129,58.78040845771978,-0.0005434124998045191,249.92391543260598,4.77642306279812e-25,0.00066855921127714,-0.0026608730767519848,-0.06407843156056373,3.57627734964273e-10,2.33969943808074e-08,-0.960098898307111
58.938846216365924,150.084008218585,208.432629244666,-1.9194742143585322,-20.399445645480434,0.0415034575267588,-0.000432567559797708,95.7459643666366,59.097283975012076,-0.0005380606066373453,249.92391553905114,4.77642306279812e-25,0.000668559216074843,-0.0026608730767519848,-0.06429028160799793,3.5649971229447e-10,2.330838846427065e-08,-0.960654000512525
59.25572173365822,149.481202765357,202.01791534612,-1.8852088257141293,-20.087834365046884,0.0413668376801157,-0.00042972592257999395,95.7205780101334,59.414159492304364,-0.0005327787247274457,249.92391564423696,4.77642306279812e-25,0.000668559221024889,-0.0026608730767519848,-0.06450213165700071,3.55360111194685e-10,2.3220050303647648e-08,-0.961211227264595
59.572597250950516,148.889238780613,195.701978906825,-1.8510469115668604,-19.775999188672955,0.0412311138591171,-0.00042691218034665536,95.6951916536194,59.73103500959665,-0.0005275657138759192,249.92391574818447,4.73917004332139e-25,0.0006685592261346891,-0.0026608730767519848,-0.06471398170762262,3.54209579434695e-10,2.313198413673105e-08,-0.961770580750493
59.8894727682428,148.30808358381,189.48489088551,-1.8169877903198857,-19.46394004324328,0.0410962772821533,-0.00042412596937182003,95.669805297095,60.04791052688894,-0.0005224204552841426,249.92391585091656,4.73917004332139e-25,0.0006685592314121441,-0.0026608730767519848,-0.06492583175991679,3.53048650393329e-10,2.304419400720825e-08,-0.962332063159879
60.20634828553509,147.73770470933002,183.366722264171,-1.7830307870325193,-19.15165685498916,0.0409623192819344,-0.00042136693183828265,95.6444189405601,60.36478604418124,-0.0005173418526550557,249.92391595245422,4.73917004332139e-25,0.000668559236865686,-0.0026608730767519848,-0.06513768181393924,3.51877918482616e-10,2.29566837728205e-08,-0.962895676684899
60.523223802827374,147.178069904387,177.34754404828402,-1.7491752333338737,-18.8391495494972,0.0408292313036364,-0.000418634715718666,95.61903258401489,60.681661561473526,-0.000512328830292774,249.9239160528187,4.73917004332139e-25,0.0006685592425043221,-0.0026608730767519848,-0.0653495318697483,3.5069791159711897e-10,2.286945710621985e-08,-0.963461423520196
60.84009932011967,146.62914712695698,171.427427267007,-1.7154204673378768,-18.526418051718387,0.0406970049030843,-0.0004159289746666193,95.59364622745949,60.998537078765814,-0.0005073803336327904,249.92391615202774,4.81750655663753e-25,0.0006685592483376841,-0.0026608730767519848,-0.06556138192740599,3.4950917902037e-10,2.2782517502758948e-08,-0.964029305862912
61.156974837411965,146.09090454373998,165.606442973375,-1.6817658335596606,-18.21346228597654,0.0405656317449693,-0.00041324936790522264,95.568259870894,61.31541259605811,-0.0005024953281718258,249.9239162501042,4.81750655663753e-25,0.000668559254376086,-0.0026608730767519848,-0.06577323198697678,3.48312256365392e-10,2.26958682786069e-08,-0.964599325912691
61.47385035470425,145.563310528138,159.884662244503,-1.6482106828333336,-17.900282175976784,0.0404351036011008,-0.00041059556012103265,95.5428735143185,61.63228811335039,-0.0004976727989875755,249.92391634706595,4.81750655663753e-25,0.0006685592606305841,-0.0026608730767519848,-0.06598508204852965,3.47107626688061e-10,2.26095125819442e-08,-0.965171485871688
61.79072587199654,145.046333658273,154.262156181779,-1.6147543722310036,-17.586877644813924,0.0403054123486917,-0.00040796722136067395,95.5174871577332,61.94916363064269,-0.0004929117510577946,249.92391644293076,4.81750655663753e-25,0.000668559267113045,-0.0026608730767519848,-0.0661969321121368,3.45895861600854e-10,2.2523453387230202e-08,-0.96574578794457
62.107601389288824,144.539942715017,148.73899591105598,-1.581396264983138,-17.27324861498041,0.0401765499686763,-0.00040536402692574263,95.4921008011382,62.26603914793498,-0.00048821120735208646,249.92391653771986,7.31191512241718e-25,0.000668559273836221,-0.0026608730767519848,-0.06640878217787412,3.44677456022719e-10,2.24376934932549e-08,-0.966322234338523
62.42447690658112,144.04410668005698,143.315252582839,-1.5481357304001815,-16.959395008374493,0.0400485085440605,-0.0004027856572777833,95.4667144445336,62.582914665227264,-0.0004835702099452536,249.92391663144784,7.31191512241718e-25,0.0006685592808138351,-0.0026608730767519848,-0.06662063224582249,3.4345303174451e-10,2.235223551530115e-08,-0.966900827263255
62.741352423873415,143.558794733979,137.990997372478,-1.5149721437954007,-16.64531674630786,0.0399212802583025,-0.00040023179793739067,95.4413280879194,62.89979018251956,-0.0004789878182789128,249.9239167241358,7.31191512241718e-25,0.000668559288060674,-0.0026608730767519848,-0.06683248231606748,3.42223294398345e-10,2.2267081852149598e-08,-0.967481568931003
63.0582279411657,143.083976254375,132.766301480345,-1.4819048864089734,-16.331013749513485,0.0397948573937243,-0.0003977021393924933,95.41594173129579,63.21666569981184,-0.00047446310873495046,249.92391681579844,7.31191512241718e-25,0.0006685592955926951,-0.0026608730767519848,-0.06704433238869892,3.40989072662598e-10,2.2182234652929598e-08,-0.968064461556535
63.37510345845799,142.619620813983,127.641236132025,-1.448933345333245,-16.016485938152982,0.0396692323299518,-0.0003951963770088853,95.3905553746629,63.53354121710414,-0.00046999517434010086,249.92391690645516,7.3647106122492705e-25,0.0006685593034271431,-0.0026608730767519848,-0.06725618246381304,3.3975153291311203e-10,2.20976957445951e-08,-0.968649507357154
63.69197897575028,142.16569817884002,122.61587257848599,-1.4160569134391785,-15.701733231824083,0.0395443975423832,-0.00039271421094232,95.36516901802081,63.85041673439643,-0.00046558312306642716,249.92391699612065,7.3647106122492705e-25,0.0006685593115826841,-0.0026608730767519848,-0.0674680325415113,3.38512355707776e-10,2.2013466496817252e-08,-0.969236708552709
64.00885449304258,141.722178306463,117.690282096267,-1.3832749893039586,-15.386755549567827,0.0394203456006837,-0.0003902553460595827,95.3397826613696,64.16729225168872,-0.0004612260764517775,249.92391708480952,7.3647106122492705e-25,0.000668559320079551,-0.0026608730767519848,-0.06767988262190211,3.3727412345084704e-10,2.1929547597670798e-08,-0.969826067365593
64.32573001033487,141.28903134405198,112.864535987643,-1.3505869771397148,-15.071552809875682,0.0392970691673036,-0.000387819491866844,95.3143963047093,64.484167768981,-0.0004569231670539278,249.92391717254125,7.3647106122492705e-25,0.0006685593289397191,-0.0026608730767519848,-0.06789173270510034,3.36040966704183e-10,2.18459386657761e-08,-0.970417586020748
64.64260552762714,140.86622762671598,108.138705580808,-1.3179922867233644,-14.7561249306965,0.0391745609960182,-0.00038540636245146,95.2890099480402,64.8010432862733,-0.0004526735344387986,249.9239172593289,7.39644007697146e-25,0.0006685593381870911,-0.0026608730767519848,-0.06810358279122901,3.34819675642547e-10,2.1762637583761202e-08,-0.971011266745674
64.95948104491943,140.45373767572102,103.512862230036,-1.2854903333275447,-14.440471829443304,0.0390528139304811,-0.00038301567644496266,95.2636235913623,65.11791880356557,-0.00044847631885727143,249.92391734518867,7.39644007697146e-25,0.000668559347847716,-0.0026608730767519848,-0.06831543288041887,3.33621645275217e-10,2.16796393467681e-08,-0.971607111770431
65.27635656221173,140.05153219675802,98.98707731585769,-1.2530805376526546,-14.124593423000162,0.0389318209027857,-0.000380647157019442,95.23823723467561,65.43479432085788,-0.00044433064980365565,249.92391743013516,7.39644007697146e-25,0.000668559357950033,-0.0026608730767519848,-0.06852728297280983,3.32466039857664e-10,2.1596934102917097e-08,-0.972205123327643
65.59323207950402,139.659582078236,94.5614222452236,-1.2207623257598985,-13.808489627728546,0.0388115749320166,-0.00037830053194435264,95.2128508779803,65.75166983815015,-0.00044023562845054673,249.92391751418143,7.39644007697146e-25,0.0006685593685251591,-0.0026608730767519848,-0.06873913306855195,3.31385432908498e-10,2.15145037971015e-08,-0.972805303652505
65.91010759679631,139.277858389591,90.2359684516684,-1.1885351290054704,-13.49216035947382,0.0386920691227697,-0.00037597553373609,95.1874645212765,66.06854535544245,-0.00043619029626505967,249.9239175973437,7.38700030237162e-25,0.000668559379607203,-0.0026608730767519848,-0.06895098316780551,3.3043526151626397e-10,2.143231642456725e-08,-0.973407654982784
66.2269831140886,138.90633237961998,86.0107873954741,-1.1563983839757368,-13.175605533571817,0.038573296663598,-0.00037367189997330867,95.1620781645642,66.38542087273474,-0.00043219358263330547,249.92391767963497,7.38700030237162e-25,0.000668559391233641,-0.0026608730767519848,-0.0691628332707434,3.29709998550442e-10,2.1350316223840802e-08,-0.974012179558828
66.54385863138089,138.544975474834,81.8859505638308,-1.124351532423554,-12.85882506485464,0.0384552508253132,-0.0003713893738888533,95.1366918078435,66.70229639002703,-0.0004282442169322216,249.92391776106987,7.38700030237162e-25,0.000668559403445736,-0.0026608730767519848,-0.06937468337755096,3.29371009307447e-10,2.12684068933107e-08,-0.974618879623568
66.86073414867317,138.193759277828,77.8615294709948,-1.092394021205696,-12.541818867657154,0.0383379249590274,-0.000369127705426056,95.1113054511146,67.01917190731932,-0.0004243405763267205,249.92391784165977,7.38700030237162e-25,0.000668559416289038,-0.0026608730767519848,-0.06958653348842808,3.29693719569278e-10,2.118642292202775e-08,-0.975227757422522
67.17760966596546,137.852655565678,73.9375956584456,-1.0605253022215222,-12.224586855822672,0.0382213124937313,-0.000366886653098862,95.0859190943775,67.3360474246116,-0.0004204804310868148,249.9239179214193,8.86135435272155e-25,0.0006685594298139451,-0.0026608730767519848,-0.06979838360359111,3.31148704061801e-10,2.1104080599072e-08,-0.975838815203803
67.49448518325777,137.52163628835,70.1142206950405,-1.0287448323530497,-11.907128942708914,0.0381054069330712,-0.00036466598719699664,95.0605327376323,67.6529229419039,-0.0004166605074335657,249.92391800035986,8.86135435272155e-25,0.0006685594440763751,-0.0026608730767519848,-0.07001023372327324,3.34539735610694e-10,2.102089430369775e-08,-0.97645205521812
67.81136070055004,137.200673567129,66.3914761771676,-0.9970520734067684,-11.589445041193656,0.0379902018507433,-0.00036246549529985866,95.0351463808791,67.9697984591962,-0.00041287574761902007,249.92391807849603,8.86135435272155e-25,0.0006685594591385371,-0.0026608730767519848,-0.07022208384772849,3.41239916732715e-10,2.0936033510854352e-08,-0.977067479718785
68.12823621784234,136.88973969307,62.769433728897305,-0.9654464920576895,-11.271535063680293,0.037875690883523,-0.00036028499169812195,95.009760024118,68.28667397648847,-0.00040911804957980866,249.92391815583755,8.86135435272155e-25,0.0006685594750698461,-0.0026608730767519848,-0.07043393397723195,3.53594797748796e-10,2.0848078516056002e-08,-0.977685090961717
68.44511173513462,136.588807125464,59.2481650021312,-0.9339275597966301,-10.953398922103238,0.0377618677202526,-0.00035812433347155194,94.984373667349,68.60354949378078,-0.0004053741240861054,249.9239182323991,8.86982545851506e-25,0.0006685594919479931,-0.0026608730767519848,-0.07064578411208355,3.7561068241631e-10,2.075460323684085e-08,-0.978304891205447
68.76198725242692,136.297848490315,55.827741676750506,-0.9024947528823397,-10.635036527932922,0.0376487260839429,-0.00035598344788377335,94.9589873105722,68.92042501107306,-0.00040162185244572567,249.92391830819042,8.86982545851506e-25,0.000668559509860221,-0.0026608730767519848,-0.07085763425261125,4.14130194941386e-10,2.0651462706878253e-08,-0.978926882711121
69.07886276971921,136.016836578842,52.5082354607619,-0.8711475523011731,-10.316447792180595,0.037536259702145,-0.000353862379012946,94.9336009537877,69.23730052836535,-0.00039782409092476676,249.92391838322285,8.86982545851506e-25,0.0006685595289048391,-0.0026608730767519848,-0.07106948439917375,4.80839055416328e-10,2.0531576367584098e-08,-0.979551067742508
69.3957382870115,135.74574434598,49.2897180904424,-0.839885443739102,-9.99763262540271,0.0374244622573629,-0.000351761367102894,94.9082145969956,69.55417604565764,-0.0003939181380769803,249.9239184575094,8.86982545851506e-25,0.0006685595491930321,-0.0026608730767519848,-0.07128133455216498,5.95692043992155e-10,2.038285060895175e-08,-0.980177448566004
69.71261380430379,135.484544908894,46.1722613304833,-0.8087079175740317,-9.678590937704037,0.0373133273035076,-0.0003496809835399953,94.882828240196,69.87105156294993,-0.0003897978247300117,249.92391853106147,8.91268761953234e-25,0.0006685595708510421,-0.0026608730767519848,-0.07149318471201907,7.927606596508151e-10,2.018463201938805e-08,-0.980806027450633
70.02948932159607,135.233211545491,43.1559369741325,-0.7776144689021164,-9.359322638740075,0.0372028481245945,-0.00034762236041748266,94.8574418833888,70.18792708024222,-0.000385283059836547,249.92391860388878,8.91268761953234e-25,0.0006685595940228101,-0.0026608730767519848,-0.07170503487921577,1.13021271571699e-09,1.9901653001818047e-08,-0.981436806668056
70.34636483888836,134.99171769290498,40.240816843337,-0.7466045976213167,-9.039827637716977,0.0370930174952152,-0.00034558758093598867,94.8320555265743,70.5048025975345,-0.00038006804134963976,249.9239186760027,8.91268761953234e-25,0.000668559618873184,-0.0026608730767519848,-0.07191688505428698,1.70734022392541e-09,1.947369838890555e-08,-0.982069788492577
70.66324035618067,134.760036945954,37.426972788886204,-0.7156778086117347,-8.720105843387755,0.036983827273966,-0.0003435803433158393,94.8066691697525,70.82167811482681,-0.0003736331622369154,249.923918747413,8.91268761953234e-25,0.0006685596455918651,-0.0026608730767519848,-0.07212873523782455,2.69360497548322e-09,1.879797228591195e-08,-0.982704975201143
70.98011587347294,134.538143055501,34.7144766905563,-0.6848336120799614,-8.400157164043053,0.0368752677127858,-0.0003416070899564833,94.7812828129234,71.1385536321191,-0.00036509509934223557,249.9239188181311,8.898085352738721e-25,0.000668559674398273,-0.0026608730767519848,-0.07234058543049035,4.37816380119366e-09,1.769901633372765e-08,-0.983342369073353
71.29699139076524,134.32600992667201,32.103400457260804,-0.6540715241814893,-8.079981507491071,0.0367673262830538,-0.0003396789283154007,94.7558964560871,71.45542914941139,-0.00035295150349982804,249.9239188881699,8.898085352738721e-25,0.000668559705547601,-0.0026608730767519848,-0.07255243563302662,7.25426070485201e-09,1.58774104129413e-08,-0.983981972391461
71.61386690805752,134.12361161679502,29.5938160272084,-0.6233910681147137,-7.759578781021244,0.0366599856793761,-0.00033781490014455734,94.7305100992438,71.77230466670368,-0.00033464559760997757,249.92391895753926,8.898085352738721e-25,0.000668559739338423,-0.0026608730767519848,-0.0727642858462701,1.21628915174717e-08,1.282234056544986e-08,-0.984623787440385
71.93074242534982,133.930922332867,27.1857953680783,-0.5927917760136817,-7.438948891338535,0.0365532204231081,-0.00033604755019702,94.70512374239331,72.08918018399596,-0.00030582194473962205,249.92391902624883,8.898085352738721e-25,0.0006685597761223151,-0.0026608730767519848,-0.07297613607116986,2.05369839351649e-08,7.66271771044743e-09,-0.985267816507706
72.24761794264211,133.74791642821398,24.8794104772232,-0.5622731921909744,-7.118091744449874,0.0364469910785551,-0.000334432425414708,94.6797373855359,72.40605570128825,-0.00025904942279460853,249.9239190943133,9.67634205301919e-25,0.0006685598163161681,-0.0026608730767519848,-0.0731879863088058,3.48153338964379e-08,-1.085974062238389e-09,-0.98591406188368
72.5644934599344,133.574568397753,22.6747333819211,-0.5318348786534205,-6.797007245469263,0.0363412343905588,-0.00033306431841716996,94.6543510286716,72.72293121858056,-0.00018161601679302105,249.92391916174074,9.67634205301919e-25,0.0006685598604180901,-0.0026608730767519848,-0.07339983656041651,5.91412523588748e-08,-1.59511042671471e-08,-0.986562525861239
72.88136897722669,133.41085287091002,20.5718361397113,-0.501476424417737,-6.475695298287904,0.0362358464297122,-0.000332105157262672,94.6289646718005,73.03980673587283,-5.1681333145549635e-05,249.92391922852798,9.67634205301919e-25,0.000668559909028204,-0.0026608730767519848,-0.07361168682743088,1.00533039502026e-07,-4.122846194142495e-08,-0.987213210736002
73.19824449451897,133.256744600595,18.5707908388683,-0.4711974611027815,-6.154155805021689,0.0361306536806049,-0.0003318322147764246,94.6035783149225,73.35668225316513,0.00016854660491747535,249.9239192946327,9.67634205301919e-25,0.0006685599628761681,-0.0026608730767519848,-0.073823537111508,1.70820017929582e-07,-8.420000929703385e-08,-0.987866118806274
73.51512001181126,133.112218445617,16.6716695991098,-0.4409976886698755,-5.8323886651004155,0.0360253631443905,-0.000332722352986776,94.5781919580379,73.6735577704574,0.0005452156122232573,249.92391935987615,9.71171195135197e-25,0.0006685600228581171,-0.0026608730767519848,-0.07403538741459226,2.8977325547651e-07,-1.571544002485065e-07,-0.988521252373063
73.83199552910357,132.977249342457,14.874544572679198,-0.41087691693419603,-5.510393773802354,0.0359194753670849,-0.00033560177763942734,94.55280560114649,73.99043328774971,0.001196193376394507,249.92391942364577,9.71171195135197e-25,0.0006685600900870111,-0.0026608730767519848,-0.07424723773897951,4.89961668810264e-07,-2.806729127668005e-07,-0.989178613740076
74.14887104639585,132.85181226029098,13.1794879460193,-0.3808351297262548,-5.1881710199961715,0.0358121304644519,-0.0003419191842215373,94.5274192442485,74.30730880504198,0.002337144652558669,249.92391948391187,9.71171195135197e-25,0.0006685601659624251,-0.0026608730767519848,-0.07445908808740996,8.23687668792622e-07,-4.887836375959905e-07,-0.989838205213742
74.46574656368813,132.7358821314,11.5865719423092,-0.35087257607416944,-4.865720282945984,0.0357018290384713,-0.0003542622495676447,94.5020328873435,74.62418432233427,0.004377105903089163,249.92391953389503,9.71171195135197e-25,0.000668560252269145,-0.0026608730767519848,-0.07467093846318865,1.37118458771914e-06,-8.365133134443404e-07,-0.990500029103218
74.78262208098043,132.629433750218,10.0958688250967,-0.320989876994063,-4.543041428596485,0.035585909458109,-0.00037737887785572,94.4766465304307,74.94105983962656,0.008124083588789797,249.92391954986385,9.70693048899025e-25,0.000668560351319453,-0.0026608730767519848,-0.07488278887035413,2.24566955901792e-06,-1.4095385039222986e-06,-0.991164087720444
75.0994975982727,132.532441645429,8.707450902859401,-0.2911880887710191,-4.22013430742351,0.0354595294977031,-0.00042028426435111266,94.4512601735067,75.25793535691886,0.015214040736476978,249.92391944317495,9.70693048899025e-25,0.000668560466163484,-0.0026608730767519848,-0.07509463931391099,3.5868420152390303e-06,-2.333607243147015e-06,-0.9918303833803
75.41637311556501,132.444879956545,7.42139053339373,-0.2614686114556178,-3.896998757668356,0.0353136213435917,-0.0005006335481590647,94.4258738165599,75.57481087421115,0.02876602172391795,249.92391886121453,9.70693048899025e-25,0.00066856060090893,-0.0026608730767519848,-0.07530648980016516,5.57892869714792e-06,-3.785789577860505e-06,-0.992498918401107
75.73324863285728,132.366722287611,6.23776012908884,-0.23183342463689605,-3.573634596520962,0.0351309128379637,-0.0006525543483958606,94.4004874595511,75.89168639150344,0.05305556222275935,249.92391640749128,9.70693048899025e-25,0.0006685607612226191,-0.0026608730767519848,-0.07551834033721887,8.87356346245273e-06,-6.07558719427269e-06,-0.993169695105086
76.05012415014959,132.297940637257,5.15663219492027,-0.20229068151688276,-3.2500414224207166,0.0348797400582434,-0.0009327544938053667,94.3751011023877,76.20856190879573,0.09164661029573154,249.92390734959807,1.22336621519603e-24,0.000668560955147252,-0.0026608730767519848,-0.07573019093572272,1.5898628207373e-05,-1.000041295460193e-05,-0.993842715814181
76.36699966744187,132.23850071461902,4.17807949252709,-0.17287192584411018,-2.926218016963809,0.0345074876229703,-0.0014167639445644465,94.3497147450096,76.52543742608802,0.153354848841486,249.92387849036504,1.22336621519603e-24,0.000668561194491086,-0.0026608730767519848,-0.07594204161006853,3.1205980288517505e-05,-1.74635334398067e-05,-0.99451798284009
76.68387518473416,132.18835384309997,3.30217531964461,-0.14363641123221754,-2.6021622149146575,0.0339302300259503,-0.0022266705621632266,94.3243283874906,76.8423129433803,0.2549216766919573,249.92379612014358,1.22336621519603e-24,0.00066856149732084,-0.0026608730767519848,-0.07615389238037377,6.21547104566004e-05,-3.2255358303978e-05,-0.995195498464749
77.00075070202645,132.14742680671,2.52899385266363,-0.11467976756174951,-2.277870635763321,0.0330113467282134,-0.0035729778650095932,94.2989420299116,77.1591884606726,0.41450593770910427,249.92358262471416,1.22336621519603e-24,0.000668561892733435,-0.0026608730767519848,-0.07636574327597569,0.000122894640930756,-6.157411969581419e-05,-0.995875264853003
77.31762621931874,132.11560212054,1.85861079868056,-0.08618577384535939,-1.9533369987772649,0.031532319352758,-0.005762090922214566,94.2735556723093,77.4760639779649,0.646742462325517,249.92308965300975,3.1873662995204903e-25,0.0006685624307667881,-0.0026608730767519848,-0.07657759434206694,0.000241501744962178,-0.0001193082080282388,-0.996557283709498
77.63450173661103,132.092675484896,1.2911047508981,-0.058518593598106995,-1.6285493686632646,0.0291652915520446,-0.009177705127285999,94.2481693146968,77.79293949525717,0.9437955004659191,249.92214446736128,3.1873662995204903e-25,0.0006685632052912731,-0.0026608730767519848,-0.07678944565358625,0.00047317706500545,-0.0002325402347874765,-0.997241554971858
77.95137725390333,132.078271694328,0.826559650640288,-0.032392756646859845,-1.3034859253686986,0.0254673798722113,-0.0141621332510906,94.22278295707859,78.10981501254948,1.218388154783352,249.9209566928336,6.45878705502866e-25,0.000668564415110663,-0.0026608730767519596,-0.07700129734846774,0.000925995475853195,-0.00045422187952885197,-0.997928071828361
78.2682527711956,132.071681201977,0.46506874917914903,-0.009203971346122023,-0.978109728029129,0.0199602593348809,-0.020596756197920132,94.1973965994566,78.42669052984176,1.1585764193822987,249.92124114963102,6.45878705502866e-25,0.0006685665652841491,-0.0026608730767519596,-0.07721314972468636,0.0018113066538976098,-0.0008879137328020125,-0.998616801719359
78.58512828848791,132.071541888549,0.206739230359216,0.008324676978360262,-0.6523697803113436,0.0124642118388729,-0.02671549790149373,94.172010241832,78.74356604713405,-0.1398379260193227,249.92388651130634,0.0,0.0006685714020615171,-0.0026608730767519596,-0.07742500363356158,0.0035465125021461,-0.00173679438911211,-0.999307612693099
78.9020038057802,132.07520990577302,0.051689612279104305,0.014826478753759625,-0.3262455409669602,0.00411573411512222,-0.0259769776490862,94.14662388430361,79.06044156442634,-4.918709631667378,249.87551982346167,0.0,0.000668590744566333,-0.0026608730767519596,-0.07763686367160277,0.00693426519627787,-0.003397345124238465,-0.999999999841784
79.21887932307249,132.077558979835,2.0417806782192302e-32,0.0,0.0,0.0,0.0,94.12123752667189,,,,,,,,,,
